Project Name,Package Name,Type Name,Design Smell,Cause of the Smell
myexcel,com.github.liaochong.example.controller,BeetlExcelBuilderExampleController,Unutilized Abstraction,The tool detected the smell in this class because this class is potentially unused. (Please ignore the smell if the reported class is auto-generated and/or used to serve a specific known purpose.)
myexcel,com.github.liaochong.example.controller,CsvExampleController,Unutilized Abstraction,The tool detected the smell in this class because this class is potentially unused. (Please ignore the smell if the reported class is auto-generated and/or used to serve a specific known purpose.)
myexcel,com.github.liaochong.example.controller,DefaultExcelBuilderExampleController,Unutilized Abstraction,The tool detected the smell in this class because this class is potentially unused. (Please ignore the smell if the reported class is auto-generated and/or used to serve a specific known purpose.)
myexcel,com.github.liaochong.example.controller,DefaultExcelReaderExampleController,Unutilized Abstraction,The tool detected the smell in this class because this class is potentially unused. (Please ignore the smell if the reported class is auto-generated and/or used to serve a specific known purpose.)
myexcel,com.github.liaochong.example.controller,DefaultStreamExcelBuilderExampleController,Unutilized Abstraction,The tool detected the smell in this class because this class is potentially unused. (Please ignore the smell if the reported class is auto-generated and/or used to serve a specific known purpose.)
myexcel,com.github.liaochong.example.controller,FreemarkerExcelBuilderExampleController,Unutilized Abstraction,The tool detected the smell in this class because this class is potentially unused. (Please ignore the smell if the reported class is auto-generated and/or used to serve a specific known purpose.)
myexcel,com.github.liaochong.example.controller,HtmlToExcelFactoryExampleController,Unutilized Abstraction,The tool detected the smell in this class because this class is potentially unused. (Please ignore the smell if the reported class is auto-generated and/or used to serve a specific known purpose.)
myexcel,com.github.liaochong.example.controller,SaxExcelReaderExampleController,Unutilized Abstraction,The tool detected the smell in this class because this class is potentially unused. (Please ignore the smell if the reported class is auto-generated and/or used to serve a specific known purpose.)
myexcel,com.github.liaochong.example.controller,ThymeleafExcelBuilderExampleController,Unutilized Abstraction,The tool detected the smell in this class because this class is potentially unused. (Please ignore the smell if the reported class is auto-generated and/or used to serve a specific known purpose.)
myexcel,com.github.liaochong.example.controller,VelocityExcelBuilderExampleController,Unutilized Abstraction,The tool detected the smell in this class because this class is potentially unused. (Please ignore the smell if the reported class is auto-generated and/or used to serve a specific known purpose.)
myexcel,com.github.liaochong.example.pojo,People,Unutilized Abstraction,The tool detected the smell in this class because this class is potentially unused. (Please ignore the smell if the reported class is auto-generated and/or used to serve a specific known purpose.)
myexcel,com.github.liaochong.example.pojo,Product,Unutilized Abstraction,The tool detected the smell in this class because this class is potentially unused. (Please ignore the smell if the reported class is auto-generated and/or used to serve a specific known purpose.)
myexcel,com.github.liaochong.myexcel.core,AbstractExcelBuilder,Unutilized Abstraction,The tool detected the smell in this class because this class is potentially unused. (Please ignore the smell if the reported class is auto-generated and/or used to serve a specific known purpose.)
myexcel,com.github.liaochong.myexcel.core,AbstractExcelFactory,Unutilized Abstraction,The tool detected the smell in this class because this class is potentially unused. (Please ignore the smell if the reported class is auto-generated and/or used to serve a specific known purpose.)
myexcel,com.github.liaochong.myexcel.core,AbstractExcelFactory,Insufficient Modularization,The tool detected the smell in this class because the class is highly complex. The sum of cyclomatic complexity of all methods of this class (i.e. WMC) is: 115
myexcel,com.github.liaochong.myexcel.core,AbstractHSSFReadHandler,Unutilized Abstraction,The tool detected the smell in this class because this class is potentially unused. (Please ignore the smell if the reported class is auto-generated and/or used to serve a specific known purpose.)
myexcel,com.github.liaochong.myexcel.core,AbstractReadHandler,Unutilized Abstraction,The tool detected the smell in this class because this class is potentially unused. (Please ignore the smell if the reported class is auto-generated and/or used to serve a specific known purpose.)
myexcel,com.github.liaochong.myexcel.core,AbstractSimpleExcelBuilder,Unutilized Abstraction,The tool detected the smell in this class because this class is potentially unused. (Please ignore the smell if the reported class is auto-generated and/or used to serve a specific known purpose.)
myexcel,com.github.liaochong.myexcel.core,BeetlExcelBuilder,Unutilized Abstraction,The tool detected the smell in this class because this class is potentially unused. (Please ignore the smell if the reported class is auto-generated and/or used to serve a specific known purpose.)
myexcel,com.github.liaochong.myexcel.core,CiConsumer,Unutilized Abstraction,The tool detected the smell in this class because this class is potentially unused. (Please ignore the smell if the reported class is auto-generated and/or used to serve a specific known purpose.)
myexcel,com.github.liaochong.myexcel.core,CiFunction,Unutilized Abstraction,The tool detected the smell in this class because this class is potentially unused. (Please ignore the smell if the reported class is auto-generated and/or used to serve a specific known purpose.)
myexcel,com.github.liaochong.myexcel.core,ColumnSaxExcelReader,Insufficient Modularization,The tool detected the smell in this class becuase the class has bloated interface (large number of public methods). Total public methods in the class: 22 public methods
myexcel,com.github.liaochong.myexcel.core,Configuration,Unutilized Abstraction,The tool detected the smell in this class because this class is potentially unused. (Please ignore the smell if the reported class is auto-generated and/or used to serve a specific known purpose.)
myexcel,com.github.liaochong.myexcel.core,Configuration,Deficient Encapsulation,The tool detected the smell in this class because the class exposes fields belonging to it with public accessibility. Following fields are declared with public accessiblity: sheetName; workbookType; widthStrategy; excludeParent; includeAllField; defaultValue; wrapText; titleSeparator; ignoreStaticFields; titleRowHeight; rowHeight; style; useFieldNameAsTitle; dateFormat; dateTimeFormat; localTimeFormat; decimalFormat; computeAutoWidth; autoMerge; applicationBeans
myexcel,com.github.liaochong.myexcel.core,Csv,Unutilized Abstraction,The tool detected the smell in this class because this class is potentially unused. (Please ignore the smell if the reported class is auto-generated and/or used to serve a specific known purpose.)
myexcel,com.github.liaochong.myexcel.core,CsvReadHandler,Unutilized Abstraction,The tool detected the smell in this class because this class is potentially unused. (Please ignore the smell if the reported class is auto-generated and/or used to serve a specific known purpose.)
myexcel,com.github.liaochong.myexcel.core,DefaultExcelBuilder,Insufficient Modularization,The tool detected the smell in this class becuase the class has bloated interface (large number of public methods). Total public methods in the class: 25 public methods
myexcel,com.github.liaochong.myexcel.core,DefaultExcelReader,Insufficient Modularization,The tool detected the smell in this class becuase the class has bloated interface (large number of public methods). Total public methods in the class: 20 public methods
myexcel,com.github.liaochong.myexcel.core,DefaultStreamExcelBuilder,Insufficient Modularization,The tool detected the smell in this class becuase the class has bloated interface (large number of public methods). Total public methods in the class: 46 public methods
myexcel,com.github.liaochong.myexcel.core,EnjoyExcelBuilder,Unutilized Abstraction,The tool detected the smell in this class because this class is potentially unused. (Please ignore the smell if the reported class is auto-generated and/or used to serve a specific known purpose.)
myexcel,com.github.liaochong.myexcel.core,ExcelBuilder,Unutilized Abstraction,The tool detected the smell in this class because this class is potentially unused. (Please ignore the smell if the reported class is auto-generated and/or used to serve a specific known purpose.)
myexcel,com.github.liaochong.myexcel.core,ExcelColumnMapping,Deficient Encapsulation,The tool detected the smell in this class because the class exposes fields belonging to it with public accessibility. Following fields are declared with public accessiblity: title; order; index; groups; defaultValue; width; convertToString; format; style; linkType; mapping; customWriteConverter; fileType; formula; promptContainer
myexcel,com.github.liaochong.myexcel.core,ExcelFactory,Unutilized Abstraction,The tool detected the smell in this class because this class is potentially unused. (Please ignore the smell if the reported class is auto-generated and/or used to serve a specific known purpose.)
myexcel,com.github.liaochong.myexcel.core,FreemarkerExcelBuilder,Unutilized Abstraction,The tool detected the smell in this class because this class is potentially unused. (Please ignore the smell if the reported class is auto-generated and/or used to serve a specific known purpose.)
myexcel,com.github.liaochong.myexcel.core,FreezePane,Unutilized Abstraction,The tool detected the smell in this class because this class is potentially unused. (Please ignore the smell if the reported class is auto-generated and/or used to serve a specific known purpose.)
myexcel,com.github.liaochong.myexcel.core,GroovyExcelBuilder,Unutilized Abstraction,The tool detected the smell in this class because this class is potentially unused. (Please ignore the smell if the reported class is auto-generated and/or used to serve a specific known purpose.)
myexcel,com.github.liaochong.myexcel.core,HSSFMergeReadHandler,Unutilized Abstraction,The tool detected the smell in this class because this class is potentially unused. (Please ignore the smell if the reported class is auto-generated and/or used to serve a specific known purpose.)
myexcel,com.github.liaochong.myexcel.core,HSSFMetaDataSaxReadHandler,Unutilized Abstraction,The tool detected the smell in this class because this class is potentially unused. (Please ignore the smell if the reported class is auto-generated and/or used to serve a specific known purpose.)
myexcel,com.github.liaochong.myexcel.core,HSSFSaxReadHandler,Unutilized Abstraction,The tool detected the smell in this class because this class is potentially unused. (Please ignore the smell if the reported class is auto-generated and/or used to serve a specific known purpose.)
myexcel,com.github.liaochong.myexcel.core,HtmlToExcelStreamFactoryContext,Unutilized Abstraction,The tool detected the smell in this class because this class is potentially unused. (Please ignore the smell if the reported class is auto-generated and/or used to serve a specific known purpose.)
myexcel,com.github.liaochong.myexcel.core,HtmlToExcelStreamFactoryContext,Broken Modularization,The tool detected the smell in this class because it contains only data members without any method implementation. Following fields are declared in this class: trWaitQueue; executorService; capacity; pathConsumer; fixedTitles; styleParser; startSheetConsumer; freezePane
myexcel,com.github.liaochong.myexcel.core,ListSupplier,Unutilized Abstraction,The tool detected the smell in this class because this class is potentially unused. (Please ignore the smell if the reported class is auto-generated and/or used to serve a specific known purpose.)
myexcel,com.github.liaochong.myexcel.core,MyExcelConfiguration,Unutilized Abstraction,The tool detected the smell in this class because this class is potentially unused. (Please ignore the smell if the reported class is auto-generated and/or used to serve a specific known purpose.)
myexcel,com.github.liaochong.myexcel.core,PromptContainer,Unnecessary Abstraction,The tool detected the smell in this class because the class contains only a few data members without any method implementation, that indicates that the abstraction might not be required. Following fields are declared in this class: title; text
myexcel,com.github.liaochong.myexcel.core,PromptContainer,Unutilized Abstraction,The tool detected the smell in this class because this class is potentially unused. (Please ignore the smell if the reported class is auto-generated and/or used to serve a specific known purpose.)
myexcel,com.github.liaochong.myexcel.core,PromptContainer,Deficient Encapsulation,The tool detected the smell in this class because the class exposes fields belonging to it with public accessibility. Following fields are declared with public accessiblity: title; text
myexcel,com.github.liaochong.myexcel.core,ReadContext,Unutilized Abstraction,The tool detected the smell in this class because this class is potentially unused. (Please ignore the smell if the reported class is auto-generated and/or used to serve a specific known purpose.)
myexcel,com.github.liaochong.myexcel.core,ReadOnlySharedStringsTable,Unutilized Abstraction,The tool detected the smell in this class because this class is potentially unused. (Please ignore the smell if the reported class is auto-generated and/or used to serve a specific known purpose.)
myexcel,com.github.liaochong.myexcel.core,RowContext,Unutilized Abstraction,The tool detected the smell in this class because this class is potentially unused. (Please ignore the smell if the reported class is auto-generated and/or used to serve a specific known purpose.)
myexcel,com.github.liaochong.myexcel.core,SaxExcelReader,Deficient Encapsulation,The tool detected the smell in this class because the class exposes fields belonging to it with public accessibility. Following fields are declared with public accessiblity: DEFAULT_SHEET_INDEX; log; workbookMetaData; result; readConfig; dataType; sheetNames; sheetIndexs; consumer; contextConsumer; function; contextFunction; rowFilter; beanFilter; exceptionFunction; csvCharset; csvDelimiter; trim; readAllSheet; ignoreBlankRow; stopReadingOnBlankRow; detectedMerge; startSheetConsumer
myexcel,com.github.liaochong.myexcel.core,SaxExcelReader,Insufficient Modularization,The tool detected the smell in this class becuase the class has bloated interface (large number of public methods). Total public methods in the class: 36 public methods
myexcel,com.github.liaochong.myexcel.core,ReadConfig,Unutilized Abstraction,The tool detected the smell in this class because this class is potentially unused. (Please ignore the smell if the reported class is auto-generated and/or used to serve a specific known purpose.)
myexcel,com.github.liaochong.myexcel.core,ReadConfig,Deficient Encapsulation,The tool detected the smell in this class because the class exposes fields belonging to it with public accessibility. Following fields are declared with public accessiblity: dataType; sheetNames; sheetIndexs; consumer; contextConsumer; function; contextFunction; rowFilter; beanFilter; exceptionFunction; csvCharset; csvDelimiter; trim; readAllSheet; ignoreBlankRow; stopReadingOnBlankRow; detectedMerge; startSheetConsumer
myexcel,com.github.liaochong.myexcel.core,SheetMetaData,Unutilized Abstraction,The tool detected the smell in this class because this class is potentially unused. (Please ignore the smell if the reported class is auto-generated and/or used to serve a specific known purpose.)
myexcel,com.github.liaochong.myexcel.core,SimpleStreamExcelBuilder,Unutilized Abstraction,The tool detected the smell in this class because this class is potentially unused. (Please ignore the smell if the reported class is auto-generated and/or used to serve a specific known purpose.)
myexcel,com.github.liaochong.myexcel.core,ThymeleafExcelBuilder,Unutilized Abstraction,The tool detected the smell in this class because this class is potentially unused. (Please ignore the smell if the reported class is auto-generated and/or used to serve a specific known purpose.)
myexcel,com.github.liaochong.myexcel.core,VelocityExcelBuilder,Unutilized Abstraction,The tool detected the smell in this class because this class is potentially unused. (Please ignore the smell if the reported class is auto-generated and/or used to serve a specific known purpose.)
myexcel,com.github.liaochong.myexcel.core,WorkbookMetaData,Unutilized Abstraction,The tool detected the smell in this class because this class is potentially unused. (Please ignore the smell if the reported class is auto-generated and/or used to serve a specific known purpose.)
myexcel,com.github.liaochong.myexcel.core,XSSFSaxReadHandler,Unutilized Abstraction,The tool detected the smell in this class because this class is potentially unused. (Please ignore the smell if the reported class is auto-generated and/or used to serve a specific known purpose.)
myexcel,com.github.liaochong.myexcel.core,XSSFSheetMergeXMLHandler,Unutilized Abstraction,The tool detected the smell in this class because this class is potentially unused. (Please ignore the smell if the reported class is auto-generated and/or used to serve a specific known purpose.)
myexcel,com.github.liaochong.myexcel.core,XSSFSheetMetaDataXMLHandler,Unutilized Abstraction,The tool detected the smell in this class because this class is potentially unused. (Please ignore the smell if the reported class is auto-generated and/or used to serve a specific known purpose.)
myexcel,com.github.liaochong.myexcel.core,SheetContentsHandler,Unutilized Abstraction,The tool detected the smell in this class because this class is potentially unused. (Please ignore the smell if the reported class is auto-generated and/or used to serve a specific known purpose.)
myexcel,com.github.liaochong.myexcel.core,BasicTest,Unnecessary Abstraction,The tool detected the smell in this class because the class contains only a few data members without any method implementation, that indicates that the abstraction might not be required. Following fields are declared in this class: TEST_OUTPUT_DIR; TEST_RESOURCES_DIR
myexcel,com.github.liaochong.myexcel.core,BasicTest,Unutilized Abstraction,The tool detected the smell in this class because this class is potentially unused. (Please ignore the smell if the reported class is auto-generated and/or used to serve a specific known purpose.)
myexcel,com.github.liaochong.myexcel.core,BasicTest,Deficient Encapsulation,The tool detected the smell in this class because the class exposes fields belonging to it with public accessibility. Following fields are declared with public accessiblity: TEST_OUTPUT_DIR; TEST_RESOURCES_DIR
myexcel,com.github.liaochong.myexcel.core,TestCustomWriteConverter,Unutilized Abstraction,The tool detected the smell in this class because this class is potentially unused. (Please ignore the smell if the reported class is auto-generated and/or used to serve a specific known purpose.)
myexcel,com.github.liaochong.myexcel.core.cache,StringsCache,Unutilized Abstraction,The tool detected the smell in this class because this class is potentially unused. (Please ignore the smell if the reported class is auto-generated and/or used to serve a specific known purpose.)
myexcel,com.github.liaochong.myexcel.core.cache,WeakCache,Unutilized Abstraction,The tool detected the smell in this class because this class is potentially unused. (Please ignore the smell if the reported class is auto-generated and/or used to serve a specific known purpose.)
myexcel,com.github.liaochong.myexcel.core.constant,Constants,Deficient Encapsulation,The tool detected the smell in this class because the class exposes fields belonging to it with public accessibility. Following fields are declared with public accessiblity: XLS; XLSX; TRUE; FALSE; ONE; ZERO; HTML_SUFFIX; COMMA; QUOTES; CSV; COLON; ARROW; SPOT; LEFT_BRACKET; RIGHT_BRACKET; EQUAL; NULL_PAIR
myexcel,com.github.liaochong.myexcel.core.constant,Constants,Broken Modularization,The tool detected the smell in this class because it contains only data members without any method implementation. Following fields are declared in this class: XLS; XLSX; TRUE; FALSE; ONE; ZERO; HTML_SUFFIX; COMMA; QUOTES; CSV; COLON; ARROW; SPOT; LEFT_BRACKET; RIGHT_BRACKET; EQUAL; NULL_PAIR
myexcel,com.github.liaochong.myexcel.core.constant,CsvConverter,Unutilized Abstraction,The tool detected the smell in this class because this class is potentially unused. (Please ignore the smell if the reported class is auto-generated and/or used to serve a specific known purpose.)
myexcel,com.github.liaochong.myexcel.core.converter,ConvertContext,Unutilized Abstraction,The tool detected the smell in this class because this class is potentially unused. (Please ignore the smell if the reported class is auto-generated and/or used to serve a specific known purpose.)
myexcel,com.github.liaochong.myexcel.core.converter,ConvertContext,Deficient Encapsulation,The tool detected the smell in this class because the class exposes fields belonging to it with public accessibility. Following fields are declared with public accessiblity: configuration; excelColumnMappingMap; converterType; isConvertCsv
myexcel,com.github.liaochong.myexcel.core.converter,CustomWriteContext,Unutilized Abstraction,The tool detected the smell in this class because this class is potentially unused. (Please ignore the smell if the reported class is auto-generated and/or used to serve a specific known purpose.)
myexcel,com.github.liaochong.myexcel.core.converter,DefaultCustomWriteConverter,Unutilized Abstraction,The tool detected the smell in this class because this class is potentially unused. (Please ignore the smell if the reported class is auto-generated and/or used to serve a specific known purpose.)
myexcel,com.github.liaochong.myexcel.core.converter,ReadConverter,Unutilized Abstraction,The tool detected the smell in this class because this class is potentially unused. (Please ignore the smell if the reported class is auto-generated and/or used to serve a specific known purpose.)
myexcel,com.github.liaochong.myexcel.core.converter,WriteConverter,Unutilized Abstraction,The tool detected the smell in this class because this class is potentially unused. (Please ignore the smell if the reported class is auto-generated and/or used to serve a specific known purpose.)
myexcel,com.github.liaochong.myexcel.core.converter.reader,AbstractReadConverter,Unutilized Abstraction,The tool detected the smell in this class because this class is potentially unused. (Please ignore the smell if the reported class is auto-generated and/or used to serve a specific known purpose.)
myexcel,com.github.liaochong.myexcel.core.converter.reader,BigDecimalReadConverter,Unutilized Abstraction,The tool detected the smell in this class because this class is potentially unused. (Please ignore the smell if the reported class is auto-generated and/or used to serve a specific known purpose.)
myexcel,com.github.liaochong.myexcel.core.converter.reader,BoolReadConverter,Unutilized Abstraction,The tool detected the smell in this class because this class is potentially unused. (Please ignore the smell if the reported class is auto-generated and/or used to serve a specific known purpose.)
myexcel,com.github.liaochong.myexcel.core.converter.reader,DateReadConverter,Unutilized Abstraction,The tool detected the smell in this class because this class is potentially unused. (Please ignore the smell if the reported class is auto-generated and/or used to serve a specific known purpose.)
myexcel,com.github.liaochong.myexcel.core.converter.reader,LocalDateReadConverter,Unutilized Abstraction,The tool detected the smell in this class because this class is potentially unused. (Please ignore the smell if the reported class is auto-generated and/or used to serve a specific known purpose.)
myexcel,com.github.liaochong.myexcel.core.converter.reader,LocalDateTimeReadConverter,Unutilized Abstraction,The tool detected the smell in this class because this class is potentially unused. (Please ignore the smell if the reported class is auto-generated and/or used to serve a specific known purpose.)
myexcel,com.github.liaochong.myexcel.core.converter.reader,LocalTimeReadConverter,Unutilized Abstraction,The tool detected the smell in this class because this class is potentially unused. (Please ignore the smell if the reported class is auto-generated and/or used to serve a specific known purpose.)
myexcel,com.github.liaochong.myexcel.core.converter.reader,NumberReadConverter,Unutilized Abstraction,The tool detected the smell in this class because this class is potentially unused. (Please ignore the smell if the reported class is auto-generated and/or used to serve a specific known purpose.)
myexcel,com.github.liaochong.myexcel.core.converter.reader,StringReadConverter,Unutilized Abstraction,The tool detected the smell in this class because this class is potentially unused. (Please ignore the smell if the reported class is auto-generated and/or used to serve a specific known purpose.)
myexcel,com.github.liaochong.myexcel.core.converter.reader,TimestampReadConverter,Unutilized Abstraction,The tool detected the smell in this class because this class is potentially unused. (Please ignore the smell if the reported class is auto-generated and/or used to serve a specific known purpose.)
myexcel,com.github.liaochong.myexcel.core.converter.writer,BigDecimalWriteConverter,Unutilized Abstraction,The tool detected the smell in this class because this class is potentially unused. (Please ignore the smell if the reported class is auto-generated and/or used to serve a specific known purpose.)
myexcel,com.github.liaochong.myexcel.core.converter.writer,CustomWriteConverter,Unutilized Abstraction,The tool detected the smell in this class because this class is potentially unused. (Please ignore the smell if the reported class is auto-generated and/or used to serve a specific known purpose.)
myexcel,com.github.liaochong.myexcel.core.converter.writer,DateTimeWriteConverter,Unutilized Abstraction,The tool detected the smell in this class because this class is potentially unused. (Please ignore the smell if the reported class is auto-generated and/or used to serve a specific known purpose.)
myexcel,com.github.liaochong.myexcel.core.converter.writer,DropDownListWriteConverter,Unutilized Abstraction,The tool detected the smell in this class because this class is potentially unused. (Please ignore the smell if the reported class is auto-generated and/or used to serve a specific known purpose.)
myexcel,com.github.liaochong.myexcel.core.converter.writer,ImageWriteConverter,Unutilized Abstraction,The tool detected the smell in this class because this class is potentially unused. (Please ignore the smell if the reported class is auto-generated and/or used to serve a specific known purpose.)
myexcel,com.github.liaochong.myexcel.core.converter.writer,LinkWriteConverter,Unutilized Abstraction,The tool detected the smell in this class because this class is potentially unused. (Please ignore the smell if the reported class is auto-generated and/or used to serve a specific known purpose.)
myexcel,com.github.liaochong.myexcel.core.converter.writer,LocalTimeWriteConverter,Unutilized Abstraction,The tool detected the smell in this class because this class is potentially unused. (Please ignore the smell if the reported class is auto-generated and/or used to serve a specific known purpose.)
myexcel,com.github.liaochong.myexcel.core.converter.writer,MappingWriteConverter,Unutilized Abstraction,The tool detected the smell in this class because this class is potentially unused. (Please ignore the smell if the reported class is auto-generated and/or used to serve a specific known purpose.)
myexcel,com.github.liaochong.myexcel.core.converter.writer,MultiWriteConverter,Unutilized Abstraction,The tool detected the smell in this class because this class is potentially unused. (Please ignore the smell if the reported class is auto-generated and/or used to serve a specific known purpose.)
myexcel,com.github.liaochong.myexcel.core.converter.writer,MultiWriteConverter,Deficient Encapsulation,The tool detected the smell in this class because the class exposes fields belonging to it with public accessibility. Following fields are declared with public accessiblity: writeConverterContainer
myexcel,com.github.liaochong.myexcel.core.converter.writer,OriginalWriteConverter,Unutilized Abstraction,The tool detected the smell in this class because this class is potentially unused. (Please ignore the smell if the reported class is auto-generated and/or used to serve a specific known purpose.)
myexcel,com.github.liaochong.myexcel.core.converter.writer,StringWriteConverter,Unutilized Abstraction,The tool detected the smell in this class because this class is potentially unused. (Please ignore the smell if the reported class is auto-generated and/or used to serve a specific known purpose.)
myexcel,com.github.liaochong.myexcel.core.parser,Comment,Unnecessary Abstraction,The tool detected the smell in this class because the class contains only a few data members without any method implementation, that indicates that the abstraction might not be required. Following fields are declared in this class: text; author
myexcel,com.github.liaochong.myexcel.core.parser,Comment,Unutilized Abstraction,The tool detected the smell in this class because this class is potentially unused. (Please ignore the smell if the reported class is auto-generated and/or used to serve a specific known purpose.)
myexcel,com.github.liaochong.myexcel.core.parser,Comment,Deficient Encapsulation,The tool detected the smell in this class because the class exposes fields belonging to it with public accessibility. Following fields are declared with public accessiblity: text; author
myexcel,com.github.liaochong.myexcel.core.parser,Font,Unnecessary Abstraction,The tool detected the smell in this class because the class contains only a few data members without any method implementation, that indicates that the abstraction might not be required. Following fields are declared in this class: startIndex; endIndex; style
myexcel,com.github.liaochong.myexcel.core.parser,Font,Unutilized Abstraction,The tool detected the smell in this class because this class is potentially unused. (Please ignore the smell if the reported class is auto-generated and/or used to serve a specific known purpose.)
myexcel,com.github.liaochong.myexcel.core.parser,Font,Deficient Encapsulation,The tool detected the smell in this class because the class exposes fields belonging to it with public accessibility. Following fields are declared with public accessiblity: startIndex; endIndex; style
myexcel,com.github.liaochong.myexcel.core.parser,ParseConfig,Unutilized Abstraction,The tool detected the smell in this class because this class is potentially unused. (Please ignore the smell if the reported class is auto-generated and/or used to serve a specific known purpose.)
myexcel,com.github.liaochong.myexcel.core.parser,Slant,Unutilized Abstraction,The tool detected the smell in this class because this class is potentially unused. (Please ignore the smell if the reported class is auto-generated and/or used to serve a specific known purpose.)
myexcel,com.github.liaochong.myexcel.core.parser,Slant,Deficient Encapsulation,The tool detected the smell in this class because the class exposes fields belonging to it with public accessibility. Following fields are declared with public accessiblity: lineWidth; lineStyle; lineStyleColor
myexcel,com.github.liaochong.myexcel.core.parser,StyleParser,Unutilized Abstraction,The tool detected the smell in this class because this class is potentially unused. (Please ignore the smell if the reported class is auto-generated and/or used to serve a specific known purpose.)
myexcel,com.github.liaochong.myexcel.core.parser,Table,Unnecessary Abstraction,The tool detected the smell in this class because the class contains only a few data members without any method implementation, that indicates that the abstraction might not be required. Following fields are declared in this class: caption; trList
myexcel,com.github.liaochong.myexcel.core.parser,Table,Unutilized Abstraction,The tool detected the smell in this class because this class is potentially unused. (Please ignore the smell if the reported class is auto-generated and/or used to serve a specific known purpose.)
myexcel,com.github.liaochong.myexcel.core.parser,Table,Deficient Encapsulation,The tool detected the smell in this class because the class exposes fields belonging to it with public accessibility. Following fields are declared with public accessiblity: caption; trList
myexcel,com.github.liaochong.myexcel.core.parser,Td,Unutilized Abstraction,The tool detected the smell in this class because this class is potentially unused. (Please ignore the smell if the reported class is auto-generated and/or used to serve a specific known purpose.)
myexcel,com.github.liaochong.myexcel.core.parser,Td,Deficient Encapsulation,The tool detected the smell in this class because the class exposes fields belonging to it with public accessibility. Following fields are declared with public accessiblity: row; col; rowSpan; colSpan; content; tdContentType; th; style; formula; link; file; format; date; localDate; localDateTime; fonts; promptContainer; slant; comment
myexcel,com.github.liaochong.myexcel.core.parser,Tr,Unutilized Abstraction,The tool detected the smell in this class because this class is potentially unused. (Please ignore the smell if the reported class is auto-generated and/or used to serve a specific known purpose.)
myexcel,com.github.liaochong.myexcel.core.parser,Tr,Deficient Encapsulation,The tool detected the smell in this class because the class exposes fields belonging to it with public accessibility. Following fields are declared with public accessiblity: index; tdList; colWidthMap; visibility; height; fromTemplate
myexcel,com.github.liaochong.myexcel.core.style,BackgroundStyle,Deficient Encapsulation,The tool detected the smell in this class because the class exposes fields belonging to it with public accessibility. Following fields are declared with public accessiblity: BACKGROUND_COLOR; log
myexcel,com.github.liaochong.myexcel.core.style,BorderStyle,Imperative Abstraction,The tool detected the smell in this class because it looks like that an operation is turned into a class. This class contains only the following public method: setBorder
myexcel,com.github.liaochong.myexcel.core.style,BorderStyle,Deficient Encapsulation,The tool detected the smell in this class because the class exposes fields belonging to it with public accessibility. Following fields are declared with public accessiblity: BORDER_STYLE; BORDER_LEFT_STYLE; BORDER_RIGHT_STYLE; BORDER_TOP_STYLE; BORDER_BOTTOM_STYLE; BORDER_PATTERN; borderStyleMap
myexcel,com.github.liaochong.myexcel.core.style,CustomColor,Unutilized Abstraction,The tool detected the smell in this class because this class is potentially unused. (Please ignore the smell if the reported class is auto-generated and/or used to serve a specific known purpose.)
myexcel,com.github.liaochong.myexcel.core.style,DefaultCellStyle,Unutilized Abstraction,The tool detected the smell in this class because this class is potentially unused. (Please ignore the smell if the reported class is auto-generated and/or used to serve a specific known purpose.)
myexcel,com.github.liaochong.myexcel.core.style,FontStyle,Deficient Encapsulation,The tool detected the smell in this class because the class exposes fields belonging to it with public accessibility. Following fields are declared with public accessiblity: FONT_COLOR; FONT_SIZE; FONT_WEIGHT; FONT_FAMILY; FONT_STYLE; TEXT_DECORATION; ITALIC; LINE_THROUGH; UNDERLINE; BOLD; DEFAULT_FONT_SIZE
myexcel,com.github.liaochong.myexcel.core.style,LinkDefaultCellStyle,Unutilized Abstraction,The tool detected the smell in this class because this class is potentially unused. (Please ignore the smell if the reported class is auto-generated and/or used to serve a specific known purpose.)
myexcel,com.github.liaochong.myexcel.core.style,TdDefaultCellStyle,Unutilized Abstraction,The tool detected the smell in this class because this class is potentially unused. (Please ignore the smell if the reported class is auto-generated and/or used to serve a specific known purpose.)
myexcel,com.github.liaochong.myexcel.core.style,TextAlignStyle,Deficient Encapsulation,The tool detected the smell in this class because the class exposes fields belonging to it with public accessibility. Following fields are declared with public accessiblity: TEXT_ALIGN; VERTICAL_ALIGN; MIDDLE; horizontalAlignmentMap; verticalAlignmentMap
myexcel,com.github.liaochong.myexcel.core.style,ThDefaultCellStyle,Unutilized Abstraction,The tool detected the smell in this class because this class is potentially unused. (Please ignore the smell if the reported class is auto-generated and/or used to serve a specific known purpose.)
myexcel,com.github.liaochong.myexcel.core.style,WordBreakStyle,Deficient Encapsulation,The tool detected the smell in this class because the class exposes fields belonging to it with public accessibility. Following fields are declared with public accessiblity: WORD_BREAK; BREAK_ALL
myexcel,com.github.liaochong.myexcel.core.templatehandler,AbstractTemplateHandler,Unutilized Abstraction,The tool detected the smell in this class because this class is potentially unused. (Please ignore the smell if the reported class is auto-generated and/or used to serve a specific known purpose.)
myexcel,com.github.liaochong.myexcel.core.templatehandler,BeetlTemplateHandler,Unutilized Abstraction,The tool detected the smell in this class because this class is potentially unused. (Please ignore the smell if the reported class is auto-generated and/or used to serve a specific known purpose.)
myexcel,com.github.liaochong.myexcel.core.templatehandler,EnjoyTemplateHandler,Unutilized Abstraction,The tool detected the smell in this class because this class is potentially unused. (Please ignore the smell if the reported class is auto-generated and/or used to serve a specific known purpose.)
myexcel,com.github.liaochong.myexcel.core.templatehandler,GroovyTemplateHandler,Unutilized Abstraction,The tool detected the smell in this class because this class is potentially unused. (Please ignore the smell if the reported class is auto-generated and/or used to serve a specific known purpose.)
myexcel,com.github.liaochong.myexcel.core.templatehandler,TemplateHandler,Unutilized Abstraction,The tool detected the smell in this class because this class is potentially unused. (Please ignore the smell if the reported class is auto-generated and/or used to serve a specific known purpose.)
myexcel,com.github.liaochong.myexcel.core.templatehandler,ThymeleafTemplateHandler,Unutilized Abstraction,The tool detected the smell in this class because this class is potentially unused. (Please ignore the smell if the reported class is auto-generated and/or used to serve a specific known purpose.)
myexcel,com.github.liaochong.myexcel.core.templatehandler,VelocityTemplateHandler,Unutilized Abstraction,The tool detected the smell in this class because this class is potentially unused. (Please ignore the smell if the reported class is auto-generated and/or used to serve a specific known purpose.)
myexcel,com.github.liaochong.myexcel.core.watermark,Watermark,Unutilized Abstraction,The tool detected the smell in this class because this class is potentially unused. (Please ignore the smell if the reported class is auto-generated and/or used to serve a specific known purpose.)
myexcel,com.github.liaochong.myexcel.exception,CsvBuildException,Unutilized Abstraction,The tool detected the smell in this class because this class is potentially unused. (Please ignore the smell if the reported class is auto-generated and/or used to serve a specific known purpose.)
myexcel,com.github.liaochong.myexcel.exception,ExcelReadException,Unutilized Abstraction,The tool detected the smell in this class because this class is potentially unused. (Please ignore the smell if the reported class is auto-generated and/or used to serve a specific known purpose.)
myexcel,com.github.liaochong.myexcel.exception,SaxReadException,Unutilized Abstraction,The tool detected the smell in this class because this class is potentially unused. (Please ignore the smell if the reported class is auto-generated and/or used to serve a specific known purpose.)
myexcel,com.github.liaochong.myexcel.exception,StopReadException,Unnecessary Abstraction,The tool detected the smell in this class because the class contains only a few data members without any method implementation, that indicates that the abstraction might not be required. Following fields are declared in this class: 
myexcel,com.github.liaochong.myexcel.exception,StopReadException,Unutilized Abstraction,The tool detected the smell in this class because this class is potentially unused. (Please ignore the smell if the reported class is auto-generated and/or used to serve a specific known purpose.)
myexcel,com.github.liaochong.myexcel.utils,ConfigurationUtil,Imperative Abstraction,The tool detected the smell in this class because it looks like that an operation is turned into a class. This class contains only the following public method: parseConfiguration
myexcel,com.github.liaochong.myexcel.utils,StyleUtil,Feature Envy,The tool detected a instance of this smell because parseStyle is more interested in members of the type: Cache
myexcel,com.github.liaochong.myexcel.utils,WatermarkUtil,Unutilized Abstraction,The tool detected the smell in this class because this class is potentially unused. (Please ignore the smell if the reported class is auto-generated and/or used to serve a specific known purpose.)
myexcel,com.github.liaochong.myexcel.core.pojo,CommonPeople,Unnecessary Abstraction,The tool detected the smell in this class because the class contains only a few data members without any method implementation, that indicates that the abstraction might not be required. Following fields are declared in this class: localDate; localDateTime; cats
myexcel,com.github.liaochong.myexcel.core.pojo,CsvPeople,Unnecessary Abstraction,The tool detected the smell in this class because the class contains only a few data members without any method implementation, that indicates that the abstraction might not be required. Following fields are declared in this class: name; age; dance; money; birthday
myexcel,com.github.liaochong.myexcel.core.pojo,CsvPeople,Broken Modularization,The tool detected the smell in this class because it contains only data members without any method implementation. Following fields are declared in this class: name; age; dance; money; birthday
myexcel,com.github.liaochong.myexcel.core.pojo,CustomStylePeople,Unnecessary Abstraction,The tool detected the smell in this class because the class contains only a few data members without any method implementation, that indicates that the abstraction might not be required. Following fields are declared in this class: name; age; dance; money
myexcel,com.github.liaochong.myexcel.core.pojo,ExceptionPeople,Unnecessary Abstraction,The tool detected the smell in this class because the class contains only a few data members without any method implementation, that indicates that the abstraction might not be required. Following fields are declared in this class: age; name
myexcel,com.github.liaochong.myexcel.core.pojo,Formula,Unnecessary Abstraction,The tool detected the smell in this class because the class contains only a few data members without any method implementation, that indicates that the abstraction might not be required. Following fields are declared in this class: counter; sum
myexcel,com.github.liaochong.myexcel.core.pojo,MultiPeople,Unnecessary Abstraction,The tool detected the smell in this class because the class contains only a few data members without any method implementation, that indicates that the abstraction might not be required. Following fields are declared in this class: name; tastes; dates
myexcel,com.github.liaochong.myexcel.core.pojo,OddEvenStylePeople,Unnecessary Abstraction,The tool detected the smell in this class because the class contains only a few data members without any method implementation, that indicates that the abstraction might not be required. Following fields are declared in this class: name; age; dance; money
myexcel,com.github.liaochong.myexcel.core.pojo,Person,Unutilized Abstraction,The tool detected the smell in this class because this class is potentially unused. (Please ignore the smell if the reported class is auto-generated and/or used to serve a specific known purpose.)
myexcel,com.github.liaochong.myexcel.core.pojo,Person,Broken Modularization,The tool detected the smell in this class because it contains only data members without any method implementation. Following fields are declared in this class: name; age; dance; money; birthday; localDate; localDateTime; married
myexcel,com.github.liaochong.myexcel.core.pojo,PersonWithName,Unnecessary Abstraction,The tool detected the smell in this class because the class contains only a few data members without any method implementation, that indicates that the abstraction might not be required. Following fields are declared in this class: money; birthday; localDate
myexcel,com.github.liaochong.myexcel.core.pojo,PersonWithName,Unutilized Abstraction,The tool detected the smell in this class because this class is potentially unused. (Please ignore the smell if the reported class is auto-generated and/or used to serve a specific known purpose.)
myexcel,com.github.liaochong.myexcel.core.pojo,Picture,Unnecessary Abstraction,The tool detected the smell in this class because the class contains only a few data members without any method implementation, that indicates that the abstraction might not be required. Following fields are declared in this class: picture
myexcel,com.github.liaochong.myexcel.core.pojo,Product,Unnecessary Abstraction,The tool detected the smell in this class because the class contains only a few data members without any method implementation, that indicates that the abstraction might not be required. Following fields are declared in this class: category; name; count
myexcel,com.github.liaochong.myexcel.core.pojo,Product,Unutilized Abstraction,The tool detected the smell in this class because this class is potentially unused. (Please ignore the smell if the reported class is auto-generated and/or used to serve a specific known purpose.)
myexcel,com.github.liaochong.myexcel.core.pojo,TitlePeople,Unnecessary Abstraction,The tool detected the smell in this class because the class contains only a few data members without any method implementation, that indicates that the abstraction might not be required. Following fields are declared in this class: name; age; dance; money; birthday
myexcel,com.github.liaochong.myexcel.core.pojo,TitlePeople,Broken Modularization,The tool detected the smell in this class because it contains only data members without any method implementation. Following fields are declared in this class: name; age; dance; money; birthday
myexcel,com.github.liaochong.myexcel.core.pojo,WidthPeople,Unnecessary Abstraction,The tool detected the smell in this class because the class contains only a few data members without any method implementation, that indicates that the abstraction might not be required. Following fields are declared in this class: name; age; dance; money
