Project Name,Package Name,Type Name,Method Name,LOC,CC,PC,Line no
myexcel,com.github.liaochong.example.controller,BeetlExcelBuilderExampleController,build,7,1,1,26
myexcel,com.github.liaochong.example.controller,BeetlExcelBuilderExampleController,buildWithDefaultStyle,7,1,1,41
myexcel,com.github.liaochong.example.controller,BeetlExcelBuilderExampleController,buildWithXLS,7,1,1,56
myexcel,com.github.liaochong.example.controller,BeetlExcelBuilderExampleController,buildWithXLSX,7,1,1,75
myexcel,com.github.liaochong.example.controller,BeetlExcelBuilderExampleController,buildWithSXLSX,7,1,1,94
myexcel,com.github.liaochong.example.controller,BeetlExcelBuilderExampleController,getDataMap,26,3,0,113
myexcel,com.github.liaochong.example.controller,CsvExampleController,csv,4,1,1,40
myexcel,com.github.liaochong.example.controller,CsvExampleController,getDataList,30,3,0,46
myexcel,com.github.liaochong.example.controller,DefaultExcelBuilderExampleController,defaultBuild,5,1,1,24
myexcel,com.github.liaochong.example.controller,DefaultExcelBuilderExampleController,defaultBuildWithNoStyle,5,1,1,31
myexcel,com.github.liaochong.example.controller,DefaultExcelBuilderExampleController,defaultBuildWithAutoWidth,5,1,1,38
myexcel,com.github.liaochong.example.controller,DefaultExcelBuilderExampleController,defaultBuildWithWorkbook,7,1,1,45
myexcel,com.github.liaochong.example.controller,DefaultExcelBuilderExampleController,getDataList,26,3,0,55
myexcel,com.github.liaochong.example.controller,DefaultExcelReaderExampleController,read,5,1,0,35
myexcel,com.github.liaochong.example.controller,DefaultExcelReaderExampleController,getPath,5,1,1,43
myexcel,com.github.liaochong.example.controller,DefaultExcelReaderExampleController,readThen,10,1,0,49
myexcel,com.github.liaochong.example.controller,DefaultStreamExcelBuilderExampleController,streamBuild,9,2,1,26
myexcel,com.github.liaochong.example.controller,DefaultStreamExcelBuilderExampleController,streamBuildWithContinue,13,3,1,40
myexcel,com.github.liaochong.example.controller,DefaultStreamExcelBuilderExampleController,getDataList,26,3,0,61
myexcel,com.github.liaochong.example.controller,FreemarkerExcelBuilderExampleController,build,7,1,1,28
myexcel,com.github.liaochong.example.controller,FreemarkerExcelBuilderExampleController,buildWithDefaultStyle,7,1,1,42
myexcel,com.github.liaochong.example.controller,FreemarkerExcelBuilderExampleController,buildWithXLS,7,1,1,60
myexcel,com.github.liaochong.example.controller,FreemarkerExcelBuilderExampleController,buildWithXLSX,7,1,1,79
myexcel,com.github.liaochong.example.controller,FreemarkerExcelBuilderExampleController,buildWithSXLSX,7,1,1,98
myexcel,com.github.liaochong.example.controller,FreemarkerExcelBuilderExampleController,buildWithEncrypt,7,1,1,117
myexcel,com.github.liaochong.example.controller,FreemarkerExcelBuilderExampleController,buildWithAutoWidth,7,1,1,136
myexcel,com.github.liaochong.example.controller,FreemarkerExcelBuilderExampleController,getDataMap,26,3,0,155
myexcel,com.github.liaochong.example.controller,HtmlToExcelFactoryExampleController,htmlToExcel,6,1,1,21
myexcel,com.github.liaochong.example.controller,HtmlToExcelFactoryExampleController,htmlToExcelOfEncrypt,6,1,1,34
myexcel,com.github.liaochong.example.controller,SaxExcelReaderExampleController,read,6,1,0,38
myexcel,com.github.liaochong.example.controller,SaxExcelReaderExampleController,readThen,11,1,0,47
myexcel,com.github.liaochong.example.controller,ThymeleafExcelBuilderExampleController,build,6,1,1,35
myexcel,com.github.liaochong.example.controller,VelocityExcelBuilderExampleController,build,7,1,1,27
myexcel,com.github.liaochong.example.controller,VelocityExcelBuilderExampleController,buildWithDefaultStyle,7,1,1,41
myexcel,com.github.liaochong.example.controller,VelocityExcelBuilderExampleController,buildWithXLS,7,1,1,59
myexcel,com.github.liaochong.example.controller,VelocityExcelBuilderExampleController,buildWithXLSX,7,1,1,78
myexcel,com.github.liaochong.example.controller,VelocityExcelBuilderExampleController,buildWithSXLSX,7,1,1,97
myexcel,com.github.liaochong.example.controller,VelocityExcelBuilderExampleController,buildWithEncrypt,7,1,1,116
myexcel,com.github.liaochong.example.controller,VelocityExcelBuilderExampleController,buildWithAutoWidth,7,1,1,135
myexcel,com.github.liaochong.example.controller,VelocityExcelBuilderExampleController,getDataMap,26,3,0,154
myexcel,com.github.liaochong.example,ExampleApplication,main,3,1,1,9
myexcel,com.github.liaochong.example,ExampleApplicationTests,contextLoads,2,1,0,12
myexcel,com.github.liaochong.example.pojo,ArtCrowd,getPaintingLevel,3,1,0,28
myexcel,com.github.liaochong.example.pojo,ArtCrowd,setPaintingLevel,3,1,1,32
myexcel,com.github.liaochong.example.pojo,ArtCrowd,isDance,3,1,0,36
myexcel,com.github.liaochong.example.pojo,ArtCrowd,setDance,3,1,1,40
myexcel,com.github.liaochong.example.pojo,ArtCrowd,getAssessmentTime,3,1,0,44
myexcel,com.github.liaochong.example.pojo,ArtCrowd,setAssessmentTime,3,1,1,48
myexcel,com.github.liaochong.example.pojo,ArtCrowd,getHobby,3,1,0,52
myexcel,com.github.liaochong.example.pojo,ArtCrowd,setHobby,3,1,1,56
myexcel,com.github.liaochong.example.pojo,People,getName,3,1,0,20
myexcel,com.github.liaochong.example.pojo,People,setName,3,1,1,24
myexcel,com.github.liaochong.example.pojo,People,getAge,3,1,0,28
myexcel,com.github.liaochong.example.pojo,People,setAge,3,1,1,32
myexcel,com.github.liaochong.example.pojo,People,getGender,3,1,0,36
myexcel,com.github.liaochong.example.pojo,People,setGender,3,1,1,40
myexcel,com.github.liaochong.example.pojo,Product,getCategory,3,1,0,15
myexcel,com.github.liaochong.example.pojo,Product,setCategory,3,1,1,19
myexcel,com.github.liaochong.example.pojo,Product,getName,3,1,0,23
myexcel,com.github.liaochong.example.pojo,Product,setName,3,1,1,27
myexcel,com.github.liaochong.example.pojo,Product,getCount,3,1,0,31
myexcel,com.github.liaochong.example.pojo,Product,setCount,3,1,1,35
myexcel,com.github.liaochong.myexcel.core,AbstractExcelBuilder,AbstractExcelBuilder,5,1,1,41
myexcel,com.github.liaochong.myexcel.core,AbstractExcelBuilder,workbookType,4,1,1,47
myexcel,com.github.liaochong.myexcel.core,AbstractExcelBuilder,useDefaultStyle,4,1,0,53
myexcel,com.github.liaochong.myexcel.core,AbstractExcelBuilder,applyDefaultStyle,4,1,0,59
myexcel,com.github.liaochong.myexcel.core,AbstractExcelBuilder,widthStrategy,4,1,1,65
myexcel,com.github.liaochong.myexcel.core,AbstractExcelBuilder,autoWidthStrategy,4,1,1,71
myexcel,com.github.liaochong.myexcel.core,AbstractExcelBuilder,sheetStrategy,4,1,1,78
myexcel,com.github.liaochong.myexcel.core,AbstractExcelBuilder,freezePanes,7,2,1,84
myexcel,com.github.liaochong.myexcel.core,AbstractExcelBuilder,build,9,1,1,93
myexcel,com.github.liaochong.myexcel.core,AbstractExcelBuilder,classpathTemplate,4,1,1,109
myexcel,com.github.liaochong.myexcel.core,AbstractExcelBuilder,template,3,1,1,115
myexcel,com.github.liaochong.myexcel.core,AbstractExcelBuilder,fileTemplate,4,1,2,121
myexcel,com.github.liaochong.myexcel.core,AbstractExcelBuilder,close,5,2,0,127
myexcel,com.github.liaochong.myexcel.core,AbstractExcelFactory,useDefaultStyle,4,1,0,159
myexcel,com.github.liaochong.myexcel.core,AbstractExcelFactory,applyDefaultStyle,27,2,0,165
myexcel,com.github.liaochong.myexcel.core,AbstractExcelFactory,freezePanes,4,1,1,185
myexcel,com.github.liaochong.myexcel.core,AbstractExcelFactory,workbookType,17,4,1,191
myexcel,com.github.liaochong.myexcel.core,AbstractExcelFactory,widthStrategy,4,1,1,210
myexcel,com.github.liaochong.myexcel.core,AbstractExcelFactory,sheetStrategy,4,1,1,216
myexcel,com.github.liaochong.myexcel.core,AbstractExcelFactory,getRealSheetName,14,3,1,222
myexcel,com.github.liaochong.myexcel.core,AbstractExcelFactory,createRow,40,9,2,237
myexcel,com.github.liaochong.myexcel.core,AbstractExcelFactory,createCell,84,22,3,283
myexcel,com.github.liaochong.myexcel.core,AbstractExcelFactory,setComment,22,4,3,375
myexcel,com.github.liaochong.myexcel.core,AbstractExcelFactory,drawingSlant,36,7,2,398
myexcel,com.github.liaochong.myexcel.core,AbstractExcelFactory,setPrompt,15,3,2,440
myexcel,com.github.liaochong.myexcel.core,AbstractExcelFactory,setImage,64,12,2,457
myexcel,com.github.liaochong.myexcel.core,AbstractExcelFactory,setLink,14,3,3,520
myexcel,com.github.liaochong.myexcel.core,AbstractExcelFactory,setDropDownList,26,5,3,535
myexcel,com.github.liaochong.myexcel.core,AbstractExcelFactory,setCellStyle,62,14,3,563
myexcel,com.github.liaochong.myexcel.core,AbstractExcelFactory,doSetInnerSpan,11,3,2,633
myexcel,com.github.liaochong.myexcel.core,AbstractExcelFactory,emptyWorkbook,7,2,0,645
myexcel,com.github.liaochong.myexcel.core,AbstractExcelFactory,initCellStyle,17,3,1,658
myexcel,com.github.liaochong.myexcel.core,AbstractExcelFactory,freezePane,9,3,2,679
myexcel,com.github.liaochong.myexcel.core,AbstractExcelFactory,getColMaxWidthMap,26,3,1,695
myexcel,com.github.liaochong.myexcel.core,AbstractExcelFactory,setColWidth,18,5,3,725
myexcel,com.github.liaochong.myexcel.core,AbstractExcelFactory,clearCache,8,1,0,750
myexcel,com.github.liaochong.myexcel.core,AbstractExcelFactory,closeWorkbook,14,3,0,762
myexcel,com.github.liaochong.myexcel.core,AbstractHSSFReadHandler,process,5,1,0,48
myexcel,com.github.liaochong.myexcel.core,AbstractReadHandler,AbstractReadHandler,12,1,3,92
myexcel,com.github.liaochong.myexcel.core,AbstractReadHandler,setResultHandlerFunction,29,7,2,108
myexcel,com.github.liaochong.myexcel.core,AbstractReadHandler,setNewInstanceFunction,8,2,2,132
myexcel,com.github.liaochong.myexcel.core,AbstractReadHandler,setConfiguration,17,3,2,141
myexcel,com.github.liaochong.myexcel.core,AbstractReadHandler,setFieldHandlerFunction,19,3,1,159
myexcel,com.github.liaochong.myexcel.core,AbstractReadHandler,convert,7,2,4,177
myexcel,com.github.liaochong.myexcel.core,AbstractReadHandler,newRow,6,1,1,185
myexcel,com.github.liaochong.myexcel.core,AbstractReadHandler,setRecordAsNull,3,1,0,192
myexcel,com.github.liaochong.myexcel.core,AbstractReadHandler,handleField,20,6,2,196
myexcel,com.github.liaochong.myexcel.core,AbstractReadHandler,handleResult,28,8,0,217
myexcel,com.github.liaochong.myexcel.core,AbstractReadHandler,initFieldMap,36,7,0,246
myexcel,com.github.liaochong.myexcel.core,AbstractSimpleExcelBuilder,AbstractSimpleExcelBuilder,5,1,1,116
myexcel,com.github.liaochong.myexcel.core,AbstractSimpleExcelBuilder,getFilteredFields,53,11,2,122
myexcel,com.github.liaochong.myexcel.core,AbstractSimpleExcelBuilder,parseGlobalStyle,3,1,0,180
myexcel,com.github.liaochong.myexcel.core,AbstractSimpleExcelBuilder,setGlobalFormat,16,6,2,184
myexcel,com.github.liaochong.myexcel.core,AbstractSimpleExcelBuilder,createTable,6,1,0,199
myexcel,com.github.liaochong.myexcel.core,AbstractSimpleExcelBuilder,createThead,87,15,0,211
myexcel,com.github.liaochong.myexcel.core,AbstractSimpleExcelBuilder,createTr,25,3,1,314
myexcel,com.github.liaochong.myexcel.core,AbstractSimpleExcelBuilder,setTdWidth,16,5,2,345
myexcel,com.github.liaochong.myexcel.core,AbstractSimpleExcelBuilder,setFormula,10,3,2,360
myexcel,com.github.liaochong.myexcel.core,AbstractSimpleExcelBuilder,setPrompt,10,3,2,371
myexcel,com.github.liaochong.myexcel.core,AbstractSimpleExcelBuilder,setTdContent,21,6,2,382
myexcel,com.github.liaochong.myexcel.core,AbstractSimpleExcelBuilder,setTdContentType,42,11,2,400
myexcel,com.github.liaochong.myexcel.core,AbstractSimpleExcelBuilder,setLinkTd,10,2,1,443
myexcel,com.github.liaochong.myexcel.core,AbstractSimpleExcelBuilder,setTitles,8,3,1,453
myexcel,com.github.liaochong.myexcel.core,AbstractSimpleExcelBuilder,getGroupFields,4,1,2,462
myexcel,com.github.liaochong.myexcel.core,AbstractSimpleExcelBuilder,getPreElectionFields,27,6,1,470
myexcel,com.github.liaochong.myexcel.core,AbstractSimpleExcelBuilder,selfAdaption,10,4,0,501
myexcel,com.github.liaochong.myexcel.core,AbstractSimpleExcelBuilder,getMultiRenderContent,34,7,2,515
myexcel,com.github.liaochong.myexcel.core,AbstractSimpleExcelBuilder,getOriginalRenderContent,17,4,2,562
myexcel,com.github.liaochong.myexcel.core,AbstractSimpleExcelBuilder,assemblingMapContents,19,4,1,589
myexcel,com.github.liaochong.myexcel.core,AbstractSimpleExcelBuilder,doAddToContents,8,2,2,607
myexcel,com.github.liaochong.myexcel.core,BeetlExcelBuilder,BeetlExcelBuilder,3,1,0,27
myexcel,com.github.liaochong.myexcel.core,Cell,Cell,4,1,2,29
myexcel,com.github.liaochong.myexcel.core,Cell,getRowNum,3,1,0,34
myexcel,com.github.liaochong.myexcel.core,Cell,getColNum,3,1,0,38
myexcel,com.github.liaochong.myexcel.core,Cell,equals,20,5,1,42
myexcel,com.github.liaochong.myexcel.core,Cell,canEqual,3,1,1,60
myexcel,com.github.liaochong.myexcel.core,Cell,hashCode,5,1,0,64
myexcel,com.github.liaochong.myexcel.core,CiConsumer,accept,0,1,3,10
myexcel,com.github.liaochong.myexcel.core,CiFunction,apply,0,1,3,10
myexcel,com.github.liaochong.myexcel.core,ColumnSaxExcelReader,ColumnSaxExcelReader,3,1,1,47
myexcel,com.github.liaochong.myexcel.core,ColumnSaxExcelReader,columnNum,3,1,1,51
myexcel,com.github.liaochong.myexcel.core,ColumnSaxExcelReader,rowFilter,4,1,1,55
myexcel,com.github.liaochong.myexcel.core,ColumnSaxExcelReader,sheet,4,1,1,60
myexcel,com.github.liaochong.myexcel.core,ColumnSaxExcelReader,sheet,4,1,1,65
myexcel,com.github.liaochong.myexcel.core,ColumnSaxExcelReader,ignoreBlankCell,5,1,0,70
myexcel,com.github.liaochong.myexcel.core,ColumnSaxExcelReader,stopReadingOnBlankRow,4,1,0,76
myexcel,com.github.liaochong.myexcel.core,ColumnSaxExcelReader,readAsString,4,1,1,81
myexcel,com.github.liaochong.myexcel.core,ColumnSaxExcelReader,readAsString,4,1,1,86
myexcel,com.github.liaochong.myexcel.core,ColumnSaxExcelReader,readAsInteger,3,1,1,91
myexcel,com.github.liaochong.myexcel.core,ColumnSaxExcelReader,readAsInteger,3,1,1,95
myexcel,com.github.liaochong.myexcel.core,ColumnSaxExcelReader,readAsLong,3,1,1,99
myexcel,com.github.liaochong.myexcel.core,ColumnSaxExcelReader,readAsLong,3,1,1,103
myexcel,com.github.liaochong.myexcel.core,ColumnSaxExcelReader,readAsBoolean,3,1,1,107
myexcel,com.github.liaochong.myexcel.core,ColumnSaxExcelReader,readAsBoolean,3,1,1,111
myexcel,com.github.liaochong.myexcel.core,ColumnSaxExcelReader,readAsDouble,3,1,1,115
myexcel,com.github.liaochong.myexcel.core,ColumnSaxExcelReader,readAsDouble,3,1,1,119
myexcel,com.github.liaochong.myexcel.core,ColumnSaxExcelReader,readAsShort,3,1,1,123
myexcel,com.github.liaochong.myexcel.core,ColumnSaxExcelReader,readAsShort,3,1,1,127
myexcel,com.github.liaochong.myexcel.core,ColumnSaxExcelReader,readAsFloat,3,1,1,131
myexcel,com.github.liaochong.myexcel.core,ColumnSaxExcelReader,readAsFloat,3,1,1,135
myexcel,com.github.liaochong.myexcel.core,ColumnSaxExcelReader,readAsByte,3,1,1,139
myexcel,com.github.liaochong.myexcel.core,ColumnSaxExcelReader,readAsByte,3,1,1,143
myexcel,com.github.liaochong.myexcel.core,ColumnSaxExcelReader,mapToString,6,2,1,147
myexcel,com.github.liaochong.myexcel.core,ColumnSaxExcelReader,getList,4,1,2,160
myexcel,com.github.liaochong.myexcel.core,Configuration,setWidthStrategy,4,1,1,110
myexcel,com.github.liaochong.myexcel.core,Csv,Csv,10,1,1,36
myexcel,com.github.liaochong.myexcel.core,Csv,getFilePath,3,1,0,46
myexcel,com.github.liaochong.myexcel.core,Csv,write,3,1,1,50
myexcel,com.github.liaochong.myexcel.core,Csv,write,30,6,2,54
myexcel,com.github.liaochong.myexcel.core,Csv,clear,3,1,0,84
myexcel,com.github.liaochong.myexcel.core,CsvBuilder,CsvBuilder,3,1,0,53
myexcel,com.github.liaochong.myexcel.core,CsvBuilder,of,9,2,1,57
myexcel,com.github.liaochong.myexcel.core,CsvBuilder,groups,4,1,1,67
myexcel,com.github.liaochong.myexcel.core,CsvBuilder,fieldDisplayOrder,4,1,1,72
myexcel,com.github.liaochong.myexcel.core,CsvBuilder,titles,4,1,1,77
myexcel,com.github.liaochong.myexcel.core,CsvBuilder,noTitles,4,1,0,82
myexcel,com.github.liaochong.myexcel.core,CsvBuilder,build,3,1,1,87
myexcel,com.github.liaochong.myexcel.core,CsvBuilder,append,3,1,1,91
myexcel,com.github.liaochong.myexcel.core,CsvBuilder,build,3,1,0,95
myexcel,com.github.liaochong.myexcel.core,CsvBuilder,doWrite,16,3,1,99
myexcel,com.github.liaochong.myexcel.core,CsvBuilder,getRenderContent,24,7,1,115
myexcel,com.github.liaochong.myexcel.core,CsvBuilder,appendContent,4,1,2,145
myexcel,com.github.liaochong.myexcel.core,CsvBuilder,writeToCsv,39,6,1,150
myexcel,com.github.liaochong.myexcel.core,CsvBuilder,close,3,1,0,188
myexcel,com.github.liaochong.myexcel.core,CsvBuilder,clear,5,2,0,193
myexcel,com.github.liaochong.myexcel.core,CsvReadHandler,CsvReadHandler,4,1,3,39
myexcel,com.github.liaochong.myexcel.core,CsvReadHandler,read,26,4,0,46
myexcel,com.github.liaochong.myexcel.core,DefaultExcelBuilder,DefaultExcelBuilder,5,1,1,42
myexcel,com.github.liaochong.myexcel.core,DefaultExcelBuilder,of,5,1,1,49
myexcel,com.github.liaochong.myexcel.core,DefaultExcelBuilder,of,3,1,2,62
myexcel,com.github.liaochong.myexcel.core,DefaultExcelBuilder,getInstance,5,1,0,66
myexcel,com.github.liaochong.myexcel.core,DefaultExcelBuilder,getInstance,3,1,1,78
myexcel,com.github.liaochong.myexcel.core,DefaultExcelBuilder,titles,4,1,1,89
myexcel,com.github.liaochong.myexcel.core,DefaultExcelBuilder,sheetName,4,1,1,94
myexcel,com.github.liaochong.myexcel.core,DefaultExcelBuilder,fieldDisplayOrder,4,1,1,99
myexcel,com.github.liaochong.myexcel.core,DefaultExcelBuilder,workbookType,4,1,1,104
myexcel,com.github.liaochong.myexcel.core,DefaultExcelBuilder,noStyle,4,1,0,109
myexcel,com.github.liaochong.myexcel.core,DefaultExcelBuilder,widthStrategy,4,1,1,114
myexcel,com.github.liaochong.myexcel.core,DefaultExcelBuilder,autoWidthStrategy,4,1,1,119
myexcel,com.github.liaochong.myexcel.core,DefaultExcelBuilder,fixedTitles,4,1,0,125
myexcel,com.github.liaochong.myexcel.core,DefaultExcelBuilder,freezePane,4,1,1,130
myexcel,com.github.liaochong.myexcel.core,DefaultExcelBuilder,widths,4,1,1,135
myexcel,com.github.liaochong.myexcel.core,DefaultExcelBuilder,width,4,1,2,140
myexcel,com.github.liaochong.myexcel.core,DefaultExcelBuilder,hideColumns,4,1,1,145
myexcel,com.github.liaochong.myexcel.core,DefaultExcelBuilder,groups,4,1,1,150
myexcel,com.github.liaochong.myexcel.core,DefaultExcelBuilder,globalStyle,3,1,1,155
myexcel,com.github.liaochong.myexcel.core,DefaultExcelBuilder,style,4,1,1,160
myexcel,com.github.liaochong.myexcel.core,DefaultExcelBuilder,titleRowHeight,4,1,1,165
myexcel,com.github.liaochong.myexcel.core,DefaultExcelBuilder,rowHeight,4,1,1,170
myexcel,com.github.liaochong.myexcel.core,DefaultExcelBuilder,binding,4,1,1,175
myexcel,com.github.liaochong.myexcel.core,DefaultExcelBuilder,binding,4,1,1,180
myexcel,com.github.liaochong.myexcel.core,DefaultExcelBuilder,build,16,1,1,185
myexcel,com.github.liaochong.myexcel.core,DefaultExcelBuilder,close,5,2,0,201
myexcel,com.github.liaochong.myexcel.core,DefaultExcelReader,DefaultExcelReader,17,3,1,111
myexcel,com.github.liaochong.myexcel.core,DefaultExcelReader,of,3,1,1,130
myexcel,com.github.liaochong.myexcel.core,DefaultExcelReader,sheet,9,2,1,134
myexcel,com.github.liaochong.myexcel.core,DefaultExcelReader,sheet,4,1,1,143
myexcel,com.github.liaochong.myexcel.core,DefaultExcelReader,rowFilter,4,1,1,148
myexcel,com.github.liaochong.myexcel.core,DefaultExcelReader,beanFilter,4,1,1,153
myexcel,com.github.liaochong.myexcel.core,DefaultExcelReader,exceptionally,4,1,1,158
myexcel,com.github.liaochong.myexcel.core,DefaultExcelReader,noTrim,4,1,0,163
myexcel,com.github.liaochong.myexcel.core,DefaultExcelReader,startSheet,4,1,1,168
myexcel,com.github.liaochong.myexcel.core,DefaultExcelReader,read,3,1,1,173
myexcel,com.github.liaochong.myexcel.core,DefaultExcelReader,read,3,1,2,177
myexcel,com.github.liaochong.myexcel.core,DefaultExcelReader,read,3,1,1,181
myexcel,com.github.liaochong.myexcel.core,DefaultExcelReader,read,3,1,2,185
myexcel,com.github.liaochong.myexcel.core,DefaultExcelReader,doRead,14,2,1,189
myexcel,com.github.liaochong.myexcel.core,DefaultExcelReader,readThen,3,1,2,203
myexcel,com.github.liaochong.myexcel.core,DefaultExcelReader,readThen,3,1,3,207
myexcel,com.github.liaochong.myexcel.core,DefaultExcelReader,readThen,3,1,2,211
myexcel,com.github.liaochong.myexcel.core,DefaultExcelReader,readThen,3,1,3,215
myexcel,com.github.liaochong.myexcel.core,DefaultExcelReader,readThen,3,1,2,219
myexcel,com.github.liaochong.myexcel.core,DefaultExcelReader,readThen,3,1,3,223
myexcel,com.github.liaochong.myexcel.core,DefaultExcelReader,readThen,3,1,2,227
myexcel,com.github.liaochong.myexcel.core,DefaultExcelReader,readThen,3,1,3,231
myexcel,com.github.liaochong.myexcel.core,DefaultExcelReader,doReadThen,13,2,3,235
myexcel,com.github.liaochong.myexcel.core,DefaultExcelReader,clearWorkbook,10,2,0,248
myexcel,com.github.liaochong.myexcel.core,DefaultExcelReader,getSheetOfInputStream,14,2,2,258
myexcel,com.github.liaochong.myexcel.core,DefaultExcelReader,getSheetOfFile,14,2,2,271
myexcel,com.github.liaochong.myexcel.core,DefaultExcelReader,getSheet,14,3,0,284
myexcel,com.github.liaochong.myexcel.core,DefaultExcelReader,getDataFromFile,34,7,2,298
myexcel,com.github.liaochong.myexcel.core,DefaultExcelReader,readThenConsume,41,10,4,333
myexcel,com.github.liaochong.myexcel.core,DefaultExcelReader,getAllPictures,34,7,1,374
myexcel,com.github.liaochong.myexcel.core,DefaultExcelReader,instanceObj,22,4,3,410
myexcel,com.github.liaochong.myexcel.core,DefaultExcelReader,convertPicture,23,4,4,432
myexcel,com.github.liaochong.myexcel.core,DefaultStreamExcelBuilder,DefaultStreamExcelBuilder,3,1,1,88
myexcel,com.github.liaochong.myexcel.core,DefaultStreamExcelBuilder,DefaultStreamExcelBuilder,7,1,2,92
myexcel,com.github.liaochong.myexcel.core,DefaultStreamExcelBuilder,DefaultStreamExcelBuilder,7,1,2,100
myexcel,com.github.liaochong.myexcel.core,DefaultStreamExcelBuilder,of,3,1,1,108
myexcel,com.github.liaochong.myexcel.core,DefaultStreamExcelBuilder,of,3,1,2,119
myexcel,com.github.liaochong.myexcel.core,DefaultStreamExcelBuilder,of,3,1,2,131
myexcel,com.github.liaochong.myexcel.core,DefaultStreamExcelBuilder,of,3,1,2,143
myexcel,com.github.liaochong.myexcel.core,DefaultStreamExcelBuilder,getInstance,3,1,0,155
myexcel,com.github.liaochong.myexcel.core,DefaultStreamExcelBuilder,getInstance,3,1,1,166
myexcel,com.github.liaochong.myexcel.core,DefaultStreamExcelBuilder,titles,4,1,1,178
myexcel,com.github.liaochong.myexcel.core,DefaultStreamExcelBuilder,sheetName,4,1,1,183
myexcel,com.github.liaochong.myexcel.core,DefaultStreamExcelBuilder,fieldDisplayOrder,4,1,1,188
myexcel,com.github.liaochong.myexcel.core,DefaultStreamExcelBuilder,workbookType,7,2,1,193
myexcel,com.github.liaochong.myexcel.core,DefaultStreamExcelBuilder,noStyle,4,1,0,201
myexcel,com.github.liaochong.myexcel.core,DefaultStreamExcelBuilder,widthStrategy,4,1,1,211
myexcel,com.github.liaochong.myexcel.core,DefaultStreamExcelBuilder,autoWidthStrategy,4,1,1,216
myexcel,com.github.liaochong.myexcel.core,DefaultStreamExcelBuilder,fixedTitles,4,1,0,222
myexcel,com.github.liaochong.myexcel.core,DefaultStreamExcelBuilder,widths,6,2,1,227
myexcel,com.github.liaochong.myexcel.core,DefaultStreamExcelBuilder,width,4,1,2,234
myexcel,com.github.liaochong.myexcel.core,DefaultStreamExcelBuilder,hideColumns,6,2,1,239
myexcel,com.github.liaochong.myexcel.core,DefaultStreamExcelBuilder,threadPool,4,1,1,246
myexcel,com.github.liaochong.myexcel.core,DefaultStreamExcelBuilder,hasStyle,4,1,0,252
myexcel,com.github.liaochong.myexcel.core,DefaultStreamExcelBuilder,capacity,7,2,1,258
myexcel,com.github.liaochong.myexcel.core,DefaultStreamExcelBuilder,pathConsumer,4,1,1,267
myexcel,com.github.liaochong.myexcel.core,DefaultStreamExcelBuilder,groups,4,1,1,273
myexcel,com.github.liaochong.myexcel.core,DefaultStreamExcelBuilder,waitQueueSize,4,1,1,279
myexcel,com.github.liaochong.myexcel.core,DefaultStreamExcelBuilder,globalStyle,3,1,1,284
myexcel,com.github.liaochong.myexcel.core,DefaultStreamExcelBuilder,style,5,1,1,289
myexcel,com.github.liaochong.myexcel.core,DefaultStreamExcelBuilder,templateHandler,4,1,1,295
myexcel,com.github.liaochong.myexcel.core,DefaultStreamExcelBuilder,startSheet,4,1,1,300
myexcel,com.github.liaochong.myexcel.core,DefaultStreamExcelBuilder,freezePane,4,1,1,305
myexcel,com.github.liaochong.myexcel.core,DefaultStreamExcelBuilder,titleRowHeight,4,1,1,310
myexcel,com.github.liaochong.myexcel.core,DefaultStreamExcelBuilder,rowHeight,4,1,1,315
myexcel,com.github.liaochong.myexcel.core,DefaultStreamExcelBuilder,binding,4,1,1,320
myexcel,com.github.liaochong.myexcel.core,DefaultStreamExcelBuilder,binding,9,2,1,325
myexcel,com.github.liaochong.myexcel.core,DefaultStreamExcelBuilder,autoMerge,4,1,0,335
myexcel,com.github.liaochong.myexcel.core,DefaultStreamExcelBuilder,start,30,6,0,340
myexcel,com.github.liaochong.myexcel.core,DefaultStreamExcelBuilder,append,12,4,1,378
myexcel,com.github.liaochong.myexcel.core,DefaultStreamExcelBuilder,append,24,6,1,392
myexcel,com.github.liaochong.myexcel.core,DefaultStreamExcelBuilder,appendTr,4,1,1,418
myexcel,com.github.liaochong.myexcel.core,DefaultStreamExcelBuilder,append,4,1,2,423
myexcel,com.github.liaochong.myexcel.core,DefaultStreamExcelBuilder,append,4,1,3,428
myexcel,com.github.liaochong.myexcel.core,DefaultStreamExcelBuilder,asyncAppend,18,2,1,433
myexcel,com.github.liaochong.myexcel.core,DefaultStreamExcelBuilder,asyncAppend,18,2,1,449
myexcel,com.github.liaochong.myexcel.core,DefaultStreamExcelBuilder,build,4,1,0,465
myexcel,com.github.liaochong.myexcel.core,DefaultStreamExcelBuilder,buildAsPaths,4,1,0,471
myexcel,com.github.liaochong.myexcel.core,DefaultStreamExcelBuilder,buildAsZip,4,1,1,477
myexcel,com.github.liaochong.myexcel.core,DefaultStreamExcelBuilder,close,6,2,0,483
myexcel,com.github.liaochong.myexcel.core,DefaultStreamExcelBuilder,cancel,4,1,0,491
myexcel,com.github.liaochong.myexcel.core,DefaultStreamExcelBuilder,clear,3,1,0,496
myexcel,com.github.liaochong.myexcel.core,DefaultStreamExcelBuilder,doAppend,15,3,1,503
myexcel,com.github.liaochong.myexcel.core,DefaultStreamExcelBuilder,joinAsyncAppendFutures,5,2,0,518
myexcel,com.github.liaochong.myexcel.core,EnjoyExcelBuilder,EnjoyExcelBuilder,3,1,0,26
myexcel,com.github.liaochong.myexcel.core,ExcelBuilder,workbookType,0,1,1,34
myexcel,com.github.liaochong.myexcel.core,ExcelBuilder,useDefaultStyle,0,1,0,42
myexcel,com.github.liaochong.myexcel.core,ExcelBuilder,applyDefaultStyle,0,1,0,49
myexcel,com.github.liaochong.myexcel.core,ExcelBuilder,autoWidthStrategy,0,1,1,56
myexcel,com.github.liaochong.myexcel.core,ExcelBuilder,widthStrategy,0,1,1,65
myexcel,com.github.liaochong.myexcel.core,ExcelBuilder,sheetStrategy,0,1,1,73
myexcel,com.github.liaochong.myexcel.core,ExcelBuilder,freezePanes,0,1,1,81
myexcel,com.github.liaochong.myexcel.core,ExcelBuilder,template,0,1,1,89
myexcel,com.github.liaochong.myexcel.core,ExcelBuilder,classpathTemplate,0,1,1,98
myexcel,com.github.liaochong.myexcel.core,ExcelBuilder,fileTemplate,0,1,2,106
myexcel,com.github.liaochong.myexcel.core,ExcelBuilder,build,0,1,1,115
myexcel,com.github.liaochong.myexcel.core,ExcelColumnMapping,mapping,36,5,1,104
myexcel,com.github.liaochong.myexcel.core,ExcelFactory,useDefaultStyle,0,1,0,28
myexcel,com.github.liaochong.myexcel.core,ExcelFactory,applyDefaultStyle,0,1,0,35
myexcel,com.github.liaochong.myexcel.core,ExcelFactory,freezePanes,0,1,1,42
myexcel,com.github.liaochong.myexcel.core,ExcelFactory,workbookType,0,1,1,50
myexcel,com.github.liaochong.myexcel.core,ExcelFactory,widthStrategy,0,1,1,58
myexcel,com.github.liaochong.myexcel.core,ExcelFactory,sheetStrategy,0,1,1,66
myexcel,com.github.liaochong.myexcel.core,ExcelFactory,build,0,1,0,74
myexcel,com.github.liaochong.myexcel.core,FreemarkerExcelBuilder,FreemarkerExcelBuilder,3,1,0,27
myexcel,com.github.liaochong.myexcel.core,FreezePane,FreezePane,4,1,2,34
myexcel,com.github.liaochong.myexcel.core,GroovyExcelBuilder,GroovyExcelBuilder,3,1,0,26
myexcel,com.github.liaochong.myexcel.core,HSSFMergeReadHandler,HSSFMergeReadHandler,5,1,3,39
myexcel,com.github.liaochong.myexcel.core,HSSFMergeReadHandler,processRecord,41,10,1,48
myexcel,com.github.liaochong.myexcel.core,HSSFMergeReadHandler,isSelectedSheet,9,3,0,90
myexcel,com.github.liaochong.myexcel.core,HSSFMetaDataSaxReadHandler,HSSFMetaDataSaxReadHandler,4,1,2,48
myexcel,com.github.liaochong.myexcel.core,HSSFMetaDataSaxReadHandler,process,6,2,0,53
myexcel,com.github.liaochong.myexcel.core,HSSFMetaDataSaxReadHandler,processRecord,59,16,1,62
myexcel,com.github.liaochong.myexcel.core,HSSFSaxReadHandler,HSSFSaxReadHandler,5,1,4,101
myexcel,com.github.liaochong.myexcel.core,HSSFSaxReadHandler,process,16,2,0,110
myexcel,com.github.liaochong.myexcel.core,HSSFSaxReadHandler,processRecord,136,28,1,129
myexcel,com.github.liaochong.myexcel.core,HSSFSaxReadHandler,isSelectedSheet,9,3,0,289
myexcel,com.github.liaochong.myexcel.core,HtmlToExcelFactory,readHtml,8,2,1,51
myexcel,com.github.liaochong.myexcel.core,HtmlToExcelFactory,readHtml,5,1,1,67
myexcel,com.github.liaochong.myexcel.core,HtmlToExcelFactory,readHtml,10,3,2,79
myexcel,com.github.liaochong.myexcel.core,HtmlToExcelFactory,readHtml,10,3,2,98
myexcel,com.github.liaochong.myexcel.core,HtmlToExcelFactory,build,11,1,0,117
myexcel,com.github.liaochong.myexcel.core,HtmlToExcelFactory,build,6,2,2,134
myexcel,com.github.liaochong.myexcel.core,HtmlToExcelFactory,build,20,4,1,148
myexcel,com.github.liaochong.myexcel.core,HtmlToExcelFactory,buildTablesWithMultiSheet,17,4,1,176
myexcel,com.github.liaochong.myexcel.core,HtmlToExcelFactory,buildTablesWithOneSheet,17,4,1,201
myexcel,com.github.liaochong.myexcel.core,HtmlToExcelFactory,setTdOfTable,21,5,2,226
myexcel,com.github.liaochong.myexcel.core,HtmlToExcelFactory,updateTrIndex,6,2,2,255
myexcel,com.github.liaochong.myexcel.core,HtmlToExcelStreamFactory,HtmlToExcelStreamFactory,3,1,1,104
myexcel,com.github.liaochong.myexcel.core,HtmlToExcelStreamFactory,start,13,3,2,113
myexcel,com.github.liaochong.myexcel.core,HtmlToExcelStreamFactory,appendTitles,4,1,1,127
myexcel,com.github.liaochong.myexcel.core,HtmlToExcelStreamFactory,append,15,4,1,132
myexcel,com.github.liaochong.myexcel.core,HtmlToExcelStreamFactory,receive,56,9,0,148
myexcel,com.github.liaochong.myexcel.core,HtmlToExcelStreamFactory,createNextSheet,21,4,0,204
myexcel,com.github.liaochong.myexcel.core,HtmlToExcelStreamFactory,setTdStyle,22,6,1,225
myexcel,com.github.liaochong.myexcel.core,HtmlToExcelStreamFactory,getTrFromQueue,7,2,0,248
myexcel,com.github.liaochong.myexcel.core,HtmlToExcelStreamFactory,build,6,1,0,256
myexcel,com.github.liaochong.myexcel.core,HtmlToExcelStreamFactory,buildAsPaths,7,1,0,264
myexcel,com.github.liaochong.myexcel.core,HtmlToExcelStreamFactory,waiting,12,4,0,272
myexcel,com.github.liaochong.myexcel.core,HtmlToExcelStreamFactory,putTrToQueue,14,3,1,286
myexcel,com.github.liaochong.myexcel.core,HtmlToExcelStreamFactory,storeToTempFile,39,4,0,300
myexcel,com.github.liaochong.myexcel.core,HtmlToExcelStreamFactory,createEmptySheetIfAbsent,5,2,1,336
myexcel,com.github.liaochong.myexcel.core,HtmlToExcelStreamFactory,freezePane,8,3,1,342
myexcel,com.github.liaochong.myexcel.core,HtmlToExcelStreamFactory,initNewWorkbook,15,2,0,351
myexcel,com.github.liaochong.myexcel.core,HtmlToExcelStreamFactory,setTitles,5,2,0,368
myexcel,com.github.liaochong.myexcel.core,HtmlToExcelStreamFactory,createSheet,9,1,1,374
myexcel,com.github.liaochong.myexcel.core,HtmlToExcelStreamFactory,appendRow,10,1,1,385
myexcel,com.github.liaochong.myexcel.core,HtmlToExcelStreamFactory,buildAsZip,25,2,1,395
myexcel,com.github.liaochong.myexcel.core,HtmlToExcelStreamFactory,cancel,4,1,0,419
myexcel,com.github.liaochong.myexcel.core,HtmlToExcelStreamFactory,clear,7,2,0,424
myexcel,com.github.liaochong.myexcel.core,ListSupplier,getAsList,0,1,0,12
myexcel,com.github.liaochong.myexcel.core,MyExcelConfiguration,setTemporaryFileDirectory,2,1,1,27
myexcel,com.github.liaochong.myexcel.core,ReadContext,reset,7,1,5,37
myexcel,com.github.liaochong.myexcel.core,ReadContext,getObject,3,1,0,45
myexcel,com.github.liaochong.myexcel.core,ReadContext,getField,3,1,0,49
myexcel,com.github.liaochong.myexcel.core,ReadContext,getVal,3,1,0,53
myexcel,com.github.liaochong.myexcel.core,ReadContext,getRowNum,3,1,0,57
myexcel,com.github.liaochong.myexcel.core,ReadContext,getColNum,3,1,0,61
myexcel,com.github.liaochong.myexcel.core,ReadContext,setObject,3,1,1,65
myexcel,com.github.liaochong.myexcel.core,ReadContext,setField,3,1,1,69
myexcel,com.github.liaochong.myexcel.core,ReadContext,setVal,3,1,1,73
myexcel,com.github.liaochong.myexcel.core,ReadContext,setRowNum,3,1,1,77
myexcel,com.github.liaochong.myexcel.core,ReadContext,setColNum,3,1,1,81
myexcel,com.github.liaochong.myexcel.core,ReadOnlySharedStringsTable,ReadOnlySharedStringsTable,8,2,2,65
myexcel,com.github.liaochong.myexcel.core,ReadOnlySharedStringsTable,readFrom,16,2,1,85
myexcel,com.github.liaochong.myexcel.core,ReadOnlySharedStringsTable,getCount,3,1,0,109
myexcel,com.github.liaochong.myexcel.core,ReadOnlySharedStringsTable,getUniqueCount,3,1,0,120
myexcel,com.github.liaochong.myexcel.core,ReadOnlySharedStringsTable,getItemAt,3,1,1,132
myexcel,com.github.liaochong.myexcel.core,ReadOnlySharedStringsTable,startElement,26,8,4,143
myexcel,com.github.liaochong.myexcel.core,ReadOnlySharedStringsTable,endElement,14,5,3,170
myexcel,com.github.liaochong.myexcel.core,ReadOnlySharedStringsTable,characters,7,3,3,185
myexcel,com.github.liaochong.myexcel.core,Row,Row,3,1,1,27
myexcel,com.github.liaochong.myexcel.core,Row,getRowNum,3,1,0,31
myexcel,com.github.liaochong.myexcel.core,Row,setRowNum,3,1,1,35
myexcel,com.github.liaochong.myexcel.core,RowContext,getRowNum,3,1,0,25
myexcel,com.github.liaochong.myexcel.core,RowContext,setRowNum,3,1,1,29
myexcel,com.github.liaochong.myexcel.core,SaxExcelReader,SaxExcelReader,3,1,1,75
myexcel,com.github.liaochong.myexcel.core,SaxExcelReader,of,3,1,1,79
myexcel,com.github.liaochong.myexcel.core,SaxExcelReader,sheet,3,1,1,83
myexcel,com.github.liaochong.myexcel.core,SaxExcelReader,sheet,3,1,1,87
myexcel,com.github.liaochong.myexcel.core,SaxExcelReader,sheets,5,1,1,91
myexcel,com.github.liaochong.myexcel.core,SaxExcelReader,sheets,5,1,1,97
myexcel,com.github.liaochong.myexcel.core,SaxExcelReader,rowFilter,4,1,1,103
myexcel,com.github.liaochong.myexcel.core,SaxExcelReader,beanFilter,4,1,1,108
myexcel,com.github.liaochong.myexcel.core,SaxExcelReader,charset,4,1,1,113
myexcel,com.github.liaochong.myexcel.core,SaxExcelReader,csvCharset,4,1,1,119
myexcel,com.github.liaochong.myexcel.core,SaxExcelReader,csvDelimiter,4,1,1,124
myexcel,com.github.liaochong.myexcel.core,SaxExcelReader,exceptionally,4,1,1,129
myexcel,com.github.liaochong.myexcel.core,SaxExcelReader,noTrim,4,1,0,134
myexcel,com.github.liaochong.myexcel.core,SaxExcelReader,readAllSheet,4,1,0,139
myexcel,com.github.liaochong.myexcel.core,SaxExcelReader,ignoreBlankRow,4,1,0,144
myexcel,com.github.liaochong.myexcel.core,SaxExcelReader,stopReadingOnBlankRow,4,1,0,149
myexcel,com.github.liaochong.myexcel.core,SaxExcelReader,startSheet,4,1,1,154
myexcel,com.github.liaochong.myexcel.core,SaxExcelReader,detectedMerge,4,1,0,159
myexcel,com.github.liaochong.myexcel.core,SaxExcelReader,read,4,1,1,164
myexcel,com.github.liaochong.myexcel.core,SaxExcelReader,read,4,1,1,169
myexcel,com.github.liaochong.myexcel.core,SaxExcelReader,read,4,1,1,174
myexcel,com.github.liaochong.myexcel.core,SaxExcelReader,readThen,4,1,2,179
myexcel,com.github.liaochong.myexcel.core,SaxExcelReader,readThen,4,1,2,184
myexcel,com.github.liaochong.myexcel.core,SaxExcelReader,readThen,4,1,2,189
myexcel,com.github.liaochong.myexcel.core,SaxExcelReader,readThen,4,1,2,194
myexcel,com.github.liaochong.myexcel.core,SaxExcelReader,readThen,4,1,2,199
myexcel,com.github.liaochong.myexcel.core,SaxExcelReader,readThen,4,1,2,204
myexcel,com.github.liaochong.myexcel.core,SaxExcelReader,readThen,4,1,2,209
myexcel,com.github.liaochong.myexcel.core,SaxExcelReader,readThen,4,1,2,214
myexcel,com.github.liaochong.myexcel.core,SaxExcelReader,readThen,4,1,2,219
myexcel,com.github.liaochong.myexcel.core,SaxExcelReader,readThen,4,1,2,224
myexcel,com.github.liaochong.myexcel.core,SaxExcelReader,readThen,4,1,2,229
myexcel,com.github.liaochong.myexcel.core,SaxExcelReader,readThen,4,1,2,234
myexcel,com.github.liaochong.myexcel.core,SaxExcelReader,getWorkbookMetaData,5,1,1,239
myexcel,com.github.liaochong.myexcel.core,SaxExcelReader,getWorkbookMetaData,5,1,1,245
myexcel,com.github.liaochong.myexcel.core,SaxExcelReader,getWorkbookMetaData,5,1,1,251
myexcel,com.github.liaochong.myexcel.core,SaxExcelReader,doRead,3,1,1,257
myexcel,com.github.liaochong.myexcel.core,SaxExcelReader,doRead,9,1,2,261
myexcel,com.github.liaochong.myexcel.core,SaxExcelReader,doRead,3,1,1,270
myexcel,com.github.liaochong.myexcel.core,SaxExcelReader,doRead,27,4,2,274
myexcel,com.github.liaochong.myexcel.core,SaxExcelReader,doReadXls,20,3,2,300
myexcel,com.github.liaochong.myexcel.core,SaxExcelReader,doReadXlsx,15,2,2,319
myexcel,com.github.liaochong.myexcel.core,SaxExcelReader,doReadCsv,10,1,1,333
myexcel,com.github.liaochong.myexcel.core,SaxExcelReader,process,19,1,1,343
myexcel,com.github.liaochong.myexcel.core,SaxExcelReader,processMerge,13,2,1,368
myexcel,com.github.liaochong.myexcel.core,SaxExcelReader,processMetaData,13,2,1,381
myexcel,com.github.liaochong.myexcel.core,SaxExcelReader,doReadSheet,14,3,2,395
myexcel,com.github.liaochong.myexcel.core,SaxExcelReader,getSheetIterator,4,1,1,410
myexcel,com.github.liaochong.myexcel.core,SaxExcelReader,getSheetAcceptFunction,13,4,0,415
myexcel,com.github.liaochong.myexcel.core,SaxExcelReader,processSheet,10,1,2,427
myexcel,com.github.liaochong.myexcel.core,SaxExcelReader,ReadConfig,3,1,1,494
myexcel,com.github.liaochong.myexcel.core,ReadConfig,ReadConfig,3,1,1,494
myexcel,com.github.liaochong.myexcel.core,SheetMetaData,SheetMetaData,4,1,2,31
myexcel,com.github.liaochong.myexcel.core,SheetMetaData,getSheetName,3,1,0,36
myexcel,com.github.liaochong.myexcel.core,SheetMetaData,setSheetName,3,1,1,40
myexcel,com.github.liaochong.myexcel.core,SheetMetaData,getLastRowNum,3,1,0,44
myexcel,com.github.liaochong.myexcel.core,SheetMetaData,setLastRowNum,3,1,1,48
myexcel,com.github.liaochong.myexcel.core,SheetMetaData,getSheetIndex,3,1,0,52
myexcel,com.github.liaochong.myexcel.core,SheetMetaData,setSheetIndex,3,1,1,56
myexcel,com.github.liaochong.myexcel.core,SimpleStreamExcelBuilder,threadPool,0,1,1,34
myexcel,com.github.liaochong.myexcel.core,SimpleStreamExcelBuilder,start,0,1,0,42
myexcel,com.github.liaochong.myexcel.core,SimpleStreamExcelBuilder,hasStyle,0,1,0,49
myexcel,com.github.liaochong.myexcel.core,SimpleStreamExcelBuilder,capacity,0,1,1,57
myexcel,com.github.liaochong.myexcel.core,SimpleStreamExcelBuilder,pathConsumer,0,1,1,65
myexcel,com.github.liaochong.myexcel.core,SimpleStreamExcelBuilder,groups,0,1,1,73
myexcel,com.github.liaochong.myexcel.core,SimpleStreamExcelBuilder,append,0,1,1,81
myexcel,com.github.liaochong.myexcel.core,SimpleStreamExcelBuilder,append,0,1,1,88
myexcel,com.github.liaochong.myexcel.core,SimpleStreamExcelBuilder,build,0,1,0,95
myexcel,com.github.liaochong.myexcel.core,SimpleStreamExcelBuilder,buildAsPaths,0,1,0,102
myexcel,com.github.liaochong.myexcel.core,SimpleStreamExcelBuilder,buildAsZip,0,1,1,109
myexcel,com.github.liaochong.myexcel.core,ThymeleafExcelBuilder,ThymeleafExcelBuilder,3,1,0,27
myexcel,com.github.liaochong.myexcel.core,VelocityExcelBuilder,VelocityExcelBuilder,3,1,0,28
myexcel,com.github.liaochong.myexcel.core,WorkbookMetaData,getSheetCount,3,1,0,32
myexcel,com.github.liaochong.myexcel.core,WorkbookMetaData,getSheetMetaDataList,3,1,0,36
myexcel,com.github.liaochong.myexcel.core,WorkbookMetaData,setSheetCount,3,1,1,40
myexcel,com.github.liaochong.myexcel.core,WorkbookMetaData,setSheetMetaDataList,3,1,1,44
myexcel,com.github.liaochong.myexcel.core,XSSFSaxReadHandler,XSSFSaxReadHandler,3,1,2,33
myexcel,com.github.liaochong.myexcel.core,XSSFSaxReadHandler,startRow,3,1,1,39
myexcel,com.github.liaochong.myexcel.core,XSSFSaxReadHandler,endRow,4,1,1,44
myexcel,com.github.liaochong.myexcel.core,XSSFSaxReadHandler,cell,4,1,2,50
myexcel,com.github.liaochong.myexcel.core,XSSFSaxReadHandler,endSheet,3,1,0,56
myexcel,com.github.liaochong.myexcel.core,XSSFSheetMergeXMLHandler,XSSFSheetMergeXMLHandler,3,1,1,38
myexcel,com.github.liaochong.myexcel.core,XSSFSheetMergeXMLHandler,startElement,19,5,4,42
myexcel,com.github.liaochong.myexcel.core,XSSFSheetMetaDataXMLHandler,XSSFSheetMetaDataXMLHandler,3,1,1,37
myexcel,com.github.liaochong.myexcel.core,XSSFSheetMetaDataXMLHandler,startElement,11,3,4,41
myexcel,com.github.liaochong.myexcel.core,XSSFSheetMetaDataXMLHandler,endElement,8,3,3,53
myexcel,com.github.liaochong.myexcel.core,XSSFSheetMetaDataXMLHandler,endDocument,5,2,0,65
myexcel,com.github.liaochong.myexcel.core,XSSFSheetXMLHandler,XSSFSheetXMLHandler,7,1,3,86
myexcel,com.github.liaochong.myexcel.core,XSSFSheetXMLHandler,isTextTag,9,3,1,103
myexcel,com.github.liaochong.myexcel.core,XSSFSheetXMLHandler,startElement,45,16,4,117
myexcel,com.github.liaochong.myexcel.core,XSSFSheetXMLHandler,endElement,68,15,3,174
myexcel,com.github.liaochong.myexcel.core,XSSFSheetXMLHandler,characters,5,2,3,258
myexcel,com.github.liaochong.myexcel.core,XSSFSheetXMLHandler,startRow,0,1,1,275
myexcel,com.github.liaochong.myexcel.core,XSSFSheetXMLHandler,endRow,0,1,1,282
myexcel,com.github.liaochong.myexcel.core,XSSFSheetXMLHandler,cell,0,1,2,289
myexcel,com.github.liaochong.myexcel.core,XSSFSheetXMLHandler,endSheet,2,1,0,303
myexcel,com.github.liaochong.myexcel.core,SheetContentsHandler,startRow,0,1,1,275
myexcel,com.github.liaochong.myexcel.core,SheetContentsHandler,endRow,0,1,1,282
myexcel,com.github.liaochong.myexcel.core,SheetContentsHandler,cell,0,1,2,289
myexcel,com.github.liaochong.myexcel.core,SheetContentsHandler,endSheet,2,1,0,303
myexcel,com.github.liaochong.myexcel.core,BeetlExcelBuilderTest,build,5,1,0,34
myexcel,com.github.liaochong.myexcel.core,BeetlExcelBuilderTest,fileBuild,5,1,0,41
myexcel,com.github.liaochong.myexcel.core,BeetlExcelBuilderTest,getDataMap,26,3,0,50
myexcel,com.github.liaochong.myexcel.core,ColumnSaxExcelReaderTest,testRead,6,1,0,16
myexcel,com.github.liaochong.myexcel.core,CsvBuilderTest,before,3,1,0,24
myexcel,com.github.liaochong.myexcel.core,CsvBuilderTest,mapBuild,14,2,0,29
myexcel,com.github.liaochong.myexcel.core,CsvBuilderTest,build,4,1,0,45
myexcel,com.github.liaochong.myexcel.core,CsvBuilderTest,buildContinued,4,1,0,51
myexcel,com.github.liaochong.myexcel.core,CsvBuilderTest,multiBuild,4,1,0,57
myexcel,com.github.liaochong.myexcel.core,CsvBuilderTest,appendBuild,20,4,0,63
myexcel,com.github.liaochong.myexcel.core,CsvBuilderTest,noTitlesBuild,8,2,0,87
myexcel,com.github.liaochong.myexcel.core,CsvBuilderTest,data,16,2,1,97
myexcel,com.github.liaochong.myexcel.core,CsvBuilderTest,multiData,17,4,1,115
myexcel,com.github.liaochong.myexcel.core,DefaultExcelReaderTest,readXlsxPicture,6,1,0,32
myexcel,com.github.liaochong.myexcel.core,DefaultExcelReaderTest,readXlsPicture,6,1,0,40
myexcel,com.github.liaochong.myexcel.core,DefaultExcelReaderTest,readWithSheetName,6,1,0,48
myexcel,com.github.liaochong.myexcel.core,DefaultExcelReaderTest,readStartSheet,6,1,0,57
myexcel,com.github.liaochong.myexcel.core,DefaultExcelReaderTest,readThenStartSheet,9,1,0,68
myexcel,com.github.liaochong.myexcel.core,DefaultStreamExcelBuilderTest,mapBuild,18,2,0,37
myexcel,com.github.liaochong.myexcel.core,DefaultStreamExcelBuilderTest,commonBuild,7,1,0,62
myexcel,com.github.liaochong.myexcel.core,DefaultStreamExcelBuilderTest,asyncCommonBuild,9,2,0,75
myexcel,com.github.liaochong.myexcel.core,DefaultStreamExcelBuilderTest,customWidthBuild,7,1,0,89
myexcel,com.github.liaochong.myexcel.core,DefaultStreamExcelBuilderTest,continueBuild,17,2,0,101
myexcel,com.github.liaochong.myexcel.core,DefaultStreamExcelBuilderTest,cancelBuild,6,1,0,125
myexcel,com.github.liaochong.myexcel.core,DefaultStreamExcelBuilderTest,buildAsPaths,10,1,0,136
myexcel,com.github.liaochong.myexcel.core,DefaultStreamExcelBuilderTest,buildAsZip,10,1,0,151
myexcel,com.github.liaochong.myexcel.core,DefaultStreamExcelBuilderTest,bigBuild,7,1,0,166
myexcel,com.github.liaochong.myexcel.core,DefaultStreamExcelBuilderTest,customStyleBuild,7,1,0,177
myexcel,com.github.liaochong.myexcel.core,DefaultStreamExcelBuilderTest,evenOddBuild,7,1,0,188
myexcel,com.github.liaochong.myexcel.core,DefaultStreamExcelBuilderTest,groupBuild,7,1,0,200
myexcel,com.github.liaochong.myexcel.core,DefaultStreamExcelBuilderTest,widthBuild,7,1,0,213
myexcel,com.github.liaochong.myexcel.core,DefaultStreamExcelBuilderTest,formulaBuild,7,1,0,224
myexcel,com.github.liaochong.myexcel.core,DefaultStreamExcelBuilderTest,appendTemplateBuild,8,1,0,235
myexcel,com.github.liaochong.myexcel.core,DefaultStreamExcelBuilderTest,appendExistExcel,7,1,0,248
myexcel,com.github.liaochong.myexcel.core,DefaultStreamExcelBuilderTest,testMultiColumn,7,1,0,260
myexcel,com.github.liaochong.myexcel.core,DefaultStreamExcelBuilderTest,multiData,15,4,1,272
myexcel,com.github.liaochong.myexcel.core,DefaultStreamExcelBuilderTest,data,28,2,2,288
myexcel,com.github.liaochong.myexcel.core,DefaultStreamExcelBuilderTest,dataList,20,2,0,316
myexcel,com.github.liaochong.myexcel.core,DefaultStreamExcelBuilderTest,customStyleData,13,2,2,337
myexcel,com.github.liaochong.myexcel.core,DefaultStreamExcelBuilderTest,oddEvenData,13,2,2,351
myexcel,com.github.liaochong.myexcel.core,DefaultStreamExcelBuilderTest,widthEvenData,13,2,2,365
myexcel,com.github.liaochong.myexcel.core,DefaultStreamExcelBuilderTest,formulaData,6,2,2,379
myexcel,com.github.liaochong.myexcel.core,DefaultStreamExcelBuilderTest,getDataMap,26,3,0,386
myexcel,com.github.liaochong.myexcel.core,EnjoyExcelBuilderTest,build,7,1,0,31
myexcel,com.github.liaochong.myexcel.core,EnjoyExcelBuilderTest,fileBuild,7,1,0,40
myexcel,com.github.liaochong.myexcel.core,FreemarkerExcelBuilderTest,test,7,1,0,36
myexcel,com.github.liaochong.myexcel.core,FreemarkerExcelBuilderTest,fileTest,7,1,0,45
myexcel,com.github.liaochong.myexcel.core,FreemarkerExcelBuilderTest,oneSheetStrategyExample,10,1,0,54
myexcel,com.github.liaochong.myexcel.core,FreemarkerExcelBuilderTest,getDataMap,26,3,0,66
myexcel,com.github.liaochong.myexcel.core,SaxExcelReaderTest,csvReadFile,6,1,0,22
myexcel,com.github.liaochong.myexcel.core,SaxExcelReaderTest,csvReadInputStream,6,1,0,31
myexcel,com.github.liaochong.myexcel.core,SaxExcelReaderTest,csvReadContinuedException,9,1,0,40
myexcel,com.github.liaochong.myexcel.core,SaxExcelReaderTest,csvReadException,14,1,0,51
myexcel,com.github.liaochong.myexcel.core,SaxExcelReaderTest,readXlsxFile,6,1,0,66
myexcel,com.github.liaochong.myexcel.core,SaxExcelReaderTest,readXlsFile,6,1,0,78
myexcel,com.github.liaochong.myexcel.core,SaxExcelReaderTest,readXlsxFileWithName,6,1,0,89
myexcel,com.github.liaochong.myexcel.core,SaxExcelReaderTest,readXlsFileWithName,6,1,0,101
myexcel,com.github.liaochong.myexcel.core,SaxExcelReaderTest,readXlsxContinuedException,9,1,0,112
myexcel,com.github.liaochong.myexcel.core,SaxExcelReaderTest,readXlsxException,14,1,0,123
myexcel,com.github.liaochong.myexcel.core,SaxExcelReaderTest,readXlsContinuedException,9,1,0,138
myexcel,com.github.liaochong.myexcel.core,SaxExcelReaderTest,readXlsxNoException,10,1,0,149
myexcel,com.github.liaochong.myexcel.core,SaxExcelReaderTest,readXlsException,14,1,0,161
myexcel,com.github.liaochong.myexcel.core,SaxExcelReaderTest,readThen,8,1,0,176
myexcel,com.github.liaochong.myexcel.core,SaxExcelReaderTest,readXlsxWithTitle,8,1,0,186
myexcel,com.github.liaochong.myexcel.core,SaxExcelReaderTest,readXlsWithTitle,8,1,0,196
myexcel,com.github.liaochong.myexcel.core,SaxExcelReaderTest,readCsvWithTitle,8,1,0,206
myexcel,com.github.liaochong.myexcel.core,SaxExcelReaderTest,readThenInputStream,8,1,0,216
myexcel,com.github.liaochong.myexcel.core,SaxExcelReaderTest,readXlsMap,8,1,0,226
myexcel,com.github.liaochong.myexcel.core,SaxExcelReaderTest,readXlsxMap,6,1,0,236
myexcel,com.github.liaochong.myexcel.core,SaxExcelReaderTest,readWithContextCustomer,8,1,0,245
myexcel,com.github.liaochong.myexcel.core,SaxExcelReaderTest,readWithContextFunction,9,1,0,255
myexcel,com.github.liaochong.myexcel.core,SaxExcelReaderTest,readCsvMap,8,1,0,266
myexcel,com.github.liaochong.myexcel.core,TestCustomWriteConverter,convert,3,1,2,25
myexcel,com.github.liaochong.myexcel.core,ThymeleafExcelBuilderTest,build,5,1,0,30
myexcel,com.github.liaochong.myexcel.core,ThymeleafExcelBuilderTest,fileBuild,5,1,0,37
myexcel,com.github.liaochong.myexcel.core.cache,Cache,cache,0,1,2,26
myexcel,com.github.liaochong.myexcel.core.cache,Cache,get,0,1,1,28
myexcel,com.github.liaochong.myexcel.core.cache,Cache,clearAll,0,1,0,30
myexcel,com.github.liaochong.myexcel.core.cache,StringsCache,removeEldestEntry,3,1,1,59
myexcel,com.github.liaochong.myexcel.core.cache,StringsCache,init,6,2,1,80
myexcel,com.github.liaochong.myexcel.core.cache,StringsCache,cache,19,4,2,87
myexcel,com.github.liaochong.myexcel.core.cache,StringsCache,get,10,2,1,109
myexcel,com.github.liaochong.myexcel.core.cache,StringsCache,getStrings,28,3,1,121
myexcel,com.github.liaochong.myexcel.core.cache,StringsCache,finished,16,3,0,148
myexcel,com.github.liaochong.myexcel.core.cache,StringsCache,writeToFile,11,1,0,165
myexcel,com.github.liaochong.myexcel.core.cache,StringsCache,clearAll,3,1,0,178
myexcel,com.github.liaochong.myexcel.core.cache,WeakCache,WeakCache,3,1,0,28
myexcel,com.github.liaochong.myexcel.core.cache,WeakCache,WeakCache,3,1,1,32
myexcel,com.github.liaochong.myexcel.core.cache,WeakCache,cache,3,1,2,36
myexcel,com.github.liaochong.myexcel.core.cache,WeakCache,get,3,1,1,41
myexcel,com.github.liaochong.myexcel.core.cache,WeakCache,clearAll,3,1,0,46
myexcel,com.github.liaochong.myexcel.core.container,Pair,Pair,4,1,2,31
myexcel,com.github.liaochong.myexcel.core.container,Pair,of,3,1,2,36
myexcel,com.github.liaochong.myexcel.core.container,Pair,getKey,3,1,0,40
myexcel,com.github.liaochong.myexcel.core.container,Pair,getValue,3,1,0,44
myexcel,com.github.liaochong.myexcel.core.container,Pair,getRepeatSize,3,1,0,48
myexcel,com.github.liaochong.myexcel.core.container,Pair,setRepeatSize,3,1,1,52
myexcel,com.github.liaochong.myexcel.core.container,Pair,equals,32,8,1,56
myexcel,com.github.liaochong.myexcel.core.container,Pair,canEqual,3,1,1,86
myexcel,com.github.liaochong.myexcel.core.container,Pair,hashCode,8,1,0,90
myexcel,com.github.liaochong.myexcel.core.converter,ConvertContext,ConvertContext,4,1,1,47
myexcel,com.github.liaochong.myexcel.core.converter,CustomWriteContext,getField,3,1,0,27
myexcel,com.github.liaochong.myexcel.core.converter,CustomWriteContext,setField,3,1,1,31
myexcel,com.github.liaochong.myexcel.core.converter,CustomWriteConverter,convert,0,1,2,10
myexcel,com.github.liaochong.myexcel.core.converter,DefaultCustomWriteConverter,convert,3,1,2,23
myexcel,com.github.liaochong.myexcel.core.converter,ReadConverter,convert,0,1,3,27
myexcel,com.github.liaochong.myexcel.core.converter,ReadConverterContext,registering,4,1,2,105
myexcel,com.github.liaochong.myexcel.core.converter,ReadConverterContext,convert,40,7,4,110
myexcel,com.github.liaochong.myexcel.core.converter,WriteConverter,convert,0,1,4,28
myexcel,com.github.liaochong.myexcel.core.converter,WriteConverter,support,0,1,4,39
myexcel,com.github.liaochong.myexcel.core.converter,WriteConverterContext,registering,6,2,1,69
myexcel,com.github.liaochong.myexcel.core.converter,WriteConverterContext,convert,8,2,3,76
myexcel,com.github.liaochong.myexcel.core.converter,WriteConverterContext,getWriteConverter,15,3,5,85
myexcel,com.github.liaochong.myexcel.core.converter.reader,AbstractReadConverter,convert,15,5,3,59
myexcel,com.github.liaochong.myexcel.core.converter.reader,AbstractReadConverter,doConvert,0,1,3,78
myexcel,com.github.liaochong.myexcel.core.converter.reader,AbstractReadConverter,getDateFormatPattern,11,3,2,89
myexcel,com.github.liaochong.myexcel.core.converter.reader,AbstractReadConverter,isDateNumber,3,1,1,108
myexcel,com.github.liaochong.myexcel.core.converter.reader,AbstractReadConverter,isDateDecimalNumber,3,1,1,118
myexcel,com.github.liaochong.myexcel.core.converter.reader,AbstractReadConverter,getDateFormatFormatter,9,2,2,128
myexcel,com.github.liaochong.myexcel.core.converter.reader,AbstractReadConverter,getSimpleDateFormat,8,2,1,145
myexcel,com.github.liaochong.myexcel.core.converter.reader,AbstractReadConverter,convertExcelNumberDateToMilli,11,1,1,154
myexcel,com.github.liaochong.myexcel.core.converter.reader,BigDecimalReadConverter,doConvert,4,1,3,31
myexcel,com.github.liaochong.myexcel.core.converter.reader,BoolReadConverter,doConvert,9,3,3,31
myexcel,com.github.liaochong.myexcel.core.converter.reader,DateReadConverter,doConvert,18,3,3,32
myexcel,com.github.liaochong.myexcel.core.converter.reader,LocalDateReadConverter,doConvert,14,3,3,34
myexcel,com.github.liaochong.myexcel.core.converter.reader,LocalDateTimeReadConverter,doConvert,12,3,3,33
myexcel,com.github.liaochong.myexcel.core.converter.reader,LocalTimeReadConverter,doConvert,4,1,3,31
myexcel,com.github.liaochong.myexcel.core.converter.reader,NumberReadConverter,NumberReadConverter,13,2,2,38
myexcel,com.github.liaochong.myexcel.core.converter.reader,NumberReadConverter,doConvert,6,1,3,50
myexcel,com.github.liaochong.myexcel.core.converter.reader,NumberReadConverter,of,3,1,1,58
myexcel,com.github.liaochong.myexcel.core.converter.reader,NumberReadConverter,of,3,1,2,69
myexcel,com.github.liaochong.myexcel.core.converter.reader,StringReadConverter,convert,3,1,3,30
myexcel,com.github.liaochong.myexcel.core.converter.reader,TimestampReadConverter,doConvert,14,2,3,32
myexcel,com.github.liaochong.myexcel.core.converter.writer,BigDecimalWriteConverter,support,3,1,4,35
myexcel,com.github.liaochong.myexcel.core.converter.writer,BigDecimalWriteConverter,convert,20,5,4,40
myexcel,com.github.liaochong.myexcel.core.converter.writer,CustomWriteConverter,support,4,1,4,38
myexcel,com.github.liaochong.myexcel.core.converter.writer,CustomWriteConverter,convert,23,3,4,44
myexcel,com.github.liaochong.myexcel.core.converter.writer,DateTimeWriteConverter,support,3,1,4,43
myexcel,com.github.liaochong.myexcel.core.converter.writer,DateTimeWriteConverter,convert,20,4,4,48
myexcel,com.github.liaochong.myexcel.core.converter.writer,DateTimeWriteConverter,getDateFormatPattern,11,3,3,69
myexcel,com.github.liaochong.myexcel.core.converter.writer,DateTimeWriteConverter,getDateTimeFormatter,8,2,1,81
myexcel,com.github.liaochong.myexcel.core.converter.writer,DateTimeWriteConverter,getSimpleDateFormat,8,2,1,96
myexcel,com.github.liaochong.myexcel.core.converter.writer,DropDownListWriteConverter,convert,36,9,4,42
myexcel,com.github.liaochong.myexcel.core.converter.writer,DropDownListWriteConverter,support,3,1,4,80
myexcel,com.github.liaochong.myexcel.core.converter.writer,ImageWriteConverter,convert,3,1,4,35
myexcel,com.github.liaochong.myexcel.core.converter.writer,ImageWriteConverter,support,7,2,4,40
myexcel,com.github.liaochong.myexcel.core.converter.writer,LinkWriteConverter,convert,12,3,4,35
myexcel,com.github.liaochong.myexcel.core.converter.writer,LinkWriteConverter,support,4,1,4,49
myexcel,com.github.liaochong.myexcel.core.converter.writer,LocalTimeWriteConverter,support,3,1,4,32
myexcel,com.github.liaochong.myexcel.core.converter.writer,LocalTimeWriteConverter,convert,5,1,4,37
myexcel,com.github.liaochong.myexcel.core.converter.writer,MappingWriteConverter,support,4,1,4,35
myexcel,com.github.liaochong.myexcel.core.converter.writer,MappingWriteConverter,convert,16,3,4,41
myexcel,com.github.liaochong.myexcel.core.converter.writer,MultiWriteConverter,MultiWriteConverter,3,1,1,38
myexcel,com.github.liaochong.myexcel.core.converter.writer,MultiWriteConverter,convert,14,3,4,42
myexcel,com.github.liaochong.myexcel.core.converter.writer,MultiWriteConverter,support,3,1,4,58
myexcel,com.github.liaochong.myexcel.core.converter.writer,OriginalWriteConverter,convert,3,1,4,31
myexcel,com.github.liaochong.myexcel.core.converter.writer,OriginalWriteConverter,support,3,1,4,36
myexcel,com.github.liaochong.myexcel.core.converter.writer,StringWriteConverter,support,4,1,4,16
myexcel,com.github.liaochong.myexcel.core.converter.writer,StringWriteConverter,convert,3,1,4,22
myexcel,com.github.liaochong.myexcel.core.parser,HtmlTableParser,HtmlTableParser,4,1,0,69
myexcel,com.github.liaochong.myexcel.core.parser,HtmlTableParser,of,6,1,1,74
myexcel,com.github.liaochong.myexcel.core.parser,HtmlTableParser,of,6,1,1,81
myexcel,com.github.liaochong.myexcel.core.parser,HtmlTableParser,getAllTable,28,3,1,88
myexcel,com.github.liaochong.myexcel.core.parser,HtmlTableParser,parseTrOfTable,30,3,3,124
myexcel,com.github.liaochong.myexcel.core.parser,HtmlTableParser,parseTdOfTr,61,12,4,159
myexcel,com.github.liaochong.myexcel.core.parser,HtmlTableParser,setComment,11,2,2,240
myexcel,com.github.liaochong.myexcel.core.parser,HtmlTableParser,setSlant,16,4,2,252
myexcel,com.github.liaochong.myexcel.core.parser,HtmlTableParser,setColumnWidth,25,7,2,268
myexcel,com.github.liaochong.myexcel.core.parser,HtmlTableParser,setTdContent,64,13,2,293
myexcel,com.github.liaochong.myexcel.core.parser,HtmlTableParser,parseContent,25,5,2,359
myexcel,com.github.liaochong.myexcel.core.parser,ParseConfig,ParseConfig,4,1,1,31
myexcel,com.github.liaochong.myexcel.core.parser,ParseConfig,getWidthStrategy,3,1,0,36
myexcel,com.github.liaochong.myexcel.core.parser,ParseConfig,isComputeAutoWidth,3,1,0,40
myexcel,com.github.liaochong.myexcel.core.parser,ParseConfig,setWidthStrategy,3,1,1,44
myexcel,com.github.liaochong.myexcel.core.parser,ParseConfig,setComputeAutoWidth,3,1,1,48
myexcel,com.github.liaochong.myexcel.core.parser,Slant,Slant,2,1,0,37
myexcel,com.github.liaochong.myexcel.core.parser,Slant,Slant,5,1,3,40
myexcel,com.github.liaochong.myexcel.core.parser,StyleParser,StyleParser,3,1,1,82
myexcel,com.github.liaochong.myexcel.core.parser,StyleParser,parse,34,5,1,86
myexcel,com.github.liaochong.myexcel.core.parser,StyleParser,parseStyle,4,1,2,124
myexcel,com.github.liaochong.myexcel.core.parser,StyleParser,setColumnStyle,24,6,3,129
myexcel,com.github.liaochong.myexcel.core.parser,StyleParser,setEachColumnStyle,15,3,3,154
myexcel,com.github.liaochong.myexcel.core.parser,StyleParser,getTitleStyle,6,2,1,169
myexcel,com.github.liaochong.myexcel.core.parser,StyleParser,toggle,3,1,0,176
myexcel,com.github.liaochong.myexcel.core.parser,StyleParser,getCellStyle,30,8,3,180
myexcel,com.github.liaochong.myexcel.core.parser,StyleParser,getFormatStyle,9,2,3,210
myexcel,com.github.liaochong.myexcel.core.parser,StyleParser,setWidth,6,2,2,220
myexcel,com.github.liaochong.myexcel.core.parser,StyleParser,setCustomWidthMap,3,1,1,227
myexcel,com.github.liaochong.myexcel.core.parser,StyleParser,setNoStyle,3,1,1,231
myexcel,com.github.liaochong.myexcel.core.parser,Td,Td,4,1,2,104
myexcel,com.github.liaochong.myexcel.core.parser,Td,setRowSpan,6,2,1,109
myexcel,com.github.liaochong.myexcel.core.parser,Td,setColSpan,6,2,1,116
myexcel,com.github.liaochong.myexcel.core.parser,Td,getRowBound,3,1,0,123
myexcel,com.github.liaochong.myexcel.core.parser,Td,getColBound,3,1,0,127
myexcel,com.github.liaochong.myexcel.core.parser,Tr,Tr,4,1,2,53
myexcel,com.github.liaochong.myexcel.core.parser,Tr,Tr,5,1,3,58
myexcel,com.github.liaochong.myexcel.core.reflect,ClassFieldContainer,getFieldByName,3,1,1,41
myexcel,com.github.liaochong.myexcel.core.reflect,ClassFieldContainer,getFieldsByAnnotation,6,1,1,45
myexcel,com.github.liaochong.myexcel.core.reflect,ClassFieldContainer,getFields,5,1,0,52
myexcel,com.github.liaochong.myexcel.core.reflect,ClassFieldContainer,getFieldsByContainer,7,2,2,58
myexcel,com.github.liaochong.myexcel.core.reflect,ClassFieldContainer,getFieldsByAnnotation,8,2,3,66
myexcel,com.github.liaochong.myexcel.core.reflect,ClassFieldContainer,filterFields,12,4,2,75
myexcel,com.github.liaochong.myexcel.core.reflect,ClassFieldContainer,getFieldByName,11,3,2,89
myexcel,com.github.liaochong.myexcel.core.reflect,ClassFieldContainer,getClazz,3,1,0,101
myexcel,com.github.liaochong.myexcel.core.reflect,ClassFieldContainer,getDeclaredFields,3,1,0,105
myexcel,com.github.liaochong.myexcel.core.reflect,ClassFieldContainer,getFieldMap,3,1,0,109
myexcel,com.github.liaochong.myexcel.core.reflect,ClassFieldContainer,getParent,3,1,0,113
myexcel,com.github.liaochong.myexcel.core.reflect,ClassFieldContainer,setClazz,3,1,1,117
myexcel,com.github.liaochong.myexcel.core.reflect,ClassFieldContainer,setParent,3,1,1,121
myexcel,com.github.liaochong.myexcel.core.style,BackgroundStyle,setBackgroundColor,18,4,3,37
myexcel,com.github.liaochong.myexcel.core.style,BackgroundStyle,setCustomColor,8,2,3,56
myexcel,com.github.liaochong.myexcel.core.style,BorderStyle,setBorder,51,11,2,54
myexcel,com.github.liaochong.myexcel.core.style,CustomColor,CustomColor,4,1,2,36
myexcel,com.github.liaochong.myexcel.core.style,CustomColor,CustomColor,2,1,0,41
myexcel,com.github.liaochong.myexcel.core.style,CustomColor,getDefaultIndexedColorMap,6,2,0,44
myexcel,com.github.liaochong.myexcel.core.style,CustomColor,isXls,3,1,0,51
myexcel,com.github.liaochong.myexcel.core.style,CustomColor,getPalette,3,1,0,55
myexcel,com.github.liaochong.myexcel.core.style,CustomColor,getColorIndex,3,1,0,59
myexcel,com.github.liaochong.myexcel.core.style,CustomColor,setXls,3,1,1,63
myexcel,com.github.liaochong.myexcel.core.style,DefaultCellStyle,supply,0,1,1,27
myexcel,com.github.liaochong.myexcel.core.style,FontStyle,setFont,6,2,5,60
myexcel,com.github.liaochong.myexcel.core.style,FontStyle,getFont,46,10,4,67
myexcel,com.github.liaochong.myexcel.core.style,FontStyle,setFontColor,19,4,3,113
myexcel,com.github.liaochong.myexcel.core.style,FontStyle,createFontIfNull,3,1,2,132
myexcel,com.github.liaochong.myexcel.core.style,FontStyle,getCacheKey,10,1,1,136
myexcel,com.github.liaochong.myexcel.core.style,FontStyle,appendKey,6,2,3,147
myexcel,com.github.liaochong.myexcel.core.style,LinkDefaultCellStyle,supply,14,1,1,31
myexcel,com.github.liaochong.myexcel.core.style,TdDefaultCellStyle,supply,10,1,1,29
myexcel,com.github.liaochong.myexcel.core.style,TextAlignStyle,setTextAlign,10,3,2,48
myexcel,com.github.liaochong.myexcel.core.style,ThDefaultCellStyle,supply,13,1,1,31
myexcel,com.github.liaochong.myexcel.core.style,WordBreakStyle,setWordBreak,6,2,2,34
myexcel,com.github.liaochong.myexcel.core.templatehandler,AbstractTemplateHandler,classpathTemplate,4,1,1,38
myexcel,com.github.liaochong.myexcel.core.templatehandler,AbstractTemplateHandler,fileTemplate,4,1,2,44
myexcel,com.github.liaochong.myexcel.core.templatehandler,AbstractTemplateHandler,setTemplateEngine,0,1,3,50
myexcel,com.github.liaochong.myexcel.core.templatehandler,AbstractTemplateHandler,getTemplateEngineSupplier,0,1,1,59
myexcel,com.github.liaochong.myexcel.core.templatehandler,AbstractTemplateHandler,render,9,1,1,67
myexcel,com.github.liaochong.myexcel.core.templatehandler,AbstractTemplateHandler,render,0,1,2,77
myexcel,com.github.liaochong.myexcel.core.templatehandler,AbstractTemplateHandler,render,4,1,2,79
myexcel,com.github.liaochong.myexcel.core.templatehandler,BeetlTemplateHandler,setTemplateEngine,4,1,3,42
myexcel,com.github.liaochong.myexcel.core.templatehandler,BeetlTemplateHandler,getTemplateEngineSupplier,26,3,1,48
myexcel,com.github.liaochong.myexcel.core.templatehandler,BeetlTemplateHandler,render,4,1,2,74
myexcel,com.github.liaochong.myexcel.core.templatehandler,EnjoyTemplateHandler,setTemplateEngine,4,1,3,34
myexcel,com.github.liaochong.myexcel.core.templatehandler,EnjoyTemplateHandler,getTemplateEngineSupplier,19,3,1,40
myexcel,com.github.liaochong.myexcel.core.templatehandler,EnjoyTemplateHandler,render,3,1,2,60
myexcel,com.github.liaochong.myexcel.core.templatehandler,FreemarkerTemplateHandler,setTemplateEngine,9,1,3,49
myexcel,com.github.liaochong.myexcel.core.templatehandler,FreemarkerTemplateHandler,getTemplateEngineSupplier,25,3,1,59
myexcel,com.github.liaochong.myexcel.core.templatehandler,FreemarkerTemplateHandler,setObjectWrapper,17,4,1,84
myexcel,com.github.liaochong.myexcel.core.templatehandler,FreemarkerTemplateHandler,wrap,12,4,1,86
myexcel,com.github.liaochong.myexcel.core.templatehandler,FreemarkerTemplateHandler,render,3,1,2,102
myexcel,com.github.liaochong.myexcel.core.templatehandler,GroovyTemplateHandler,classpathTemplate,12,2,1,45
myexcel,com.github.liaochong.myexcel.core.templatehandler,GroovyTemplateHandler,fileTemplate,3,1,2,59
myexcel,com.github.liaochong.myexcel.core.templatehandler,GroovyTemplateHandler,setTemplateEngine,2,1,3,64
myexcel,com.github.liaochong.myexcel.core.templatehandler,GroovyTemplateHandler,getTemplateEngineSupplier,3,1,1,69
myexcel,com.github.liaochong.myexcel.core.templatehandler,GroovyTemplateHandler,render,4,1,2,74
myexcel,com.github.liaochong.myexcel.core.templatehandler,TemplateHandler,classpathTemplate,0,1,1,14
myexcel,com.github.liaochong.myexcel.core.templatehandler,TemplateHandler,fileTemplate,0,1,2,22
myexcel,com.github.liaochong.myexcel.core.templatehandler,TemplateHandler,render,0,1,1,31
myexcel,com.github.liaochong.myexcel.core.templatehandler,TemplateHandler,render,0,1,2,40
myexcel,com.github.liaochong.myexcel.core.templatehandler,ThymeleafTemplateHandler,classpathTemplate,11,3,1,41
myexcel,com.github.liaochong.myexcel.core.templatehandler,ThymeleafTemplateHandler,fileTemplate,11,3,2,54
myexcel,com.github.liaochong.myexcel.core.templatehandler,ThymeleafTemplateHandler,setTemplateEngine,3,1,3,67
myexcel,com.github.liaochong.myexcel.core.templatehandler,ThymeleafTemplateHandler,getTemplateEngineSupplier,24,3,1,72
myexcel,com.github.liaochong.myexcel.core.templatehandler,ThymeleafTemplateHandler,render,6,1,2,97
myexcel,com.github.liaochong.myexcel.core.templatehandler,VelocityTemplateHandler,classpathTemplate,4,1,1,42
myexcel,com.github.liaochong.myexcel.core.templatehandler,VelocityTemplateHandler,fileTemplate,3,1,2,48
myexcel,com.github.liaochong.myexcel.core.templatehandler,VelocityTemplateHandler,setTemplateEngine,2,1,3,53
myexcel,com.github.liaochong.myexcel.core.templatehandler,VelocityTemplateHandler,getTemplateEngineSupplier,3,1,1,58
myexcel,com.github.liaochong.myexcel.core.templatehandler,VelocityTemplateHandler,render,4,1,2,63
myexcel,com.github.liaochong.myexcel.core.watermark,FontImage,createWatermarkImage,22,1,1,30
myexcel,com.github.liaochong.myexcel.core.watermark,Watermark,getText,3,1,0,47
myexcel,com.github.liaochong.myexcel.core.watermark,Watermark,setText,3,1,1,51
myexcel,com.github.liaochong.myexcel.core.watermark,Watermark,getColor,3,1,0,55
myexcel,com.github.liaochong.myexcel.core.watermark,Watermark,setColor,3,1,1,59
myexcel,com.github.liaochong.myexcel.core.watermark,Watermark,getWidth,3,1,0,63
myexcel,com.github.liaochong.myexcel.core.watermark,Watermark,setWidth,3,1,1,67
myexcel,com.github.liaochong.myexcel.core.watermark,Watermark,getHeight,3,1,0,71
myexcel,com.github.liaochong.myexcel.core.watermark,Watermark,setHeight,3,1,1,75
myexcel,com.github.liaochong.myexcel.core.watermark,Watermark,getFont,3,1,0,79
myexcel,com.github.liaochong.myexcel.core.watermark,Watermark,setFont,3,1,1,83
myexcel,com.github.liaochong.myexcel.exception,CsvBuildException,CsvBuildException,3,1,1,23
myexcel,com.github.liaochong.myexcel.exception,CsvBuildException,CsvBuildException,3,1,2,27
myexcel,com.github.liaochong.myexcel.exception,ExcelBuildException,ExcelBuildException,3,1,1,24
myexcel,com.github.liaochong.myexcel.exception,ExcelBuildException,ExcelBuildException,3,1,2,28
myexcel,com.github.liaochong.myexcel.exception,ExcelBuildException,of,3,1,2,32
myexcel,com.github.liaochong.myexcel.exception,ExcelReadException,ExcelReadException,3,1,2,23
myexcel,com.github.liaochong.myexcel.exception,ExcelReadException,ExcelReadException,3,1,1,27
myexcel,com.github.liaochong.myexcel.exception,SaxReadException,SaxReadException,3,1,2,25
myexcel,com.github.liaochong.myexcel.utils,AttachmentExportUtil,export,26,4,3,48
myexcel,com.github.liaochong.myexcel.utils,AttachmentExportUtil,encryptExport,31,3,4,79
myexcel,com.github.liaochong.myexcel.utils,AttachmentExportUtil,clear,11,2,1,120
myexcel,com.github.liaochong.myexcel.utils,AttachmentExportUtil,export,13,1,3,131
myexcel,com.github.liaochong.myexcel.utils,AttachmentExportUtil,setAttachmentConfig,4,1,2,150
myexcel,com.github.liaochong.myexcel.utils,ColorUtil,getPredefinedColorIndex,7,2,1,44
myexcel,com.github.liaochong.myexcel.utils,ColorUtil,getCustomColorIndex,6,1,2,52
myexcel,com.github.liaochong.myexcel.utils,ColorUtil,getRGBByColor,28,4,1,59
myexcel,com.github.liaochong.myexcel.utils,ConfigurationUtil,parseConfiguration,79,22,2,31
myexcel,com.github.liaochong.myexcel.utils,FileExportUtil,export,22,5,2,46
myexcel,com.github.liaochong.myexcel.utils,FileExportUtil,encryptExport,28,4,3,75
myexcel,com.github.liaochong.myexcel.utils,FileExportUtil,getInputStream,26,3,1,114
myexcel,com.github.liaochong.myexcel.utils,PropertyUtil,getProperties,3,1,1,37
myexcel,com.github.liaochong.myexcel.utils,PropertyUtil,getReverseProperties,3,1,1,41
myexcel,com.github.liaochong.myexcel.utils,PropertyUtil,getProperties,26,6,3,45
myexcel,com.github.liaochong.myexcel.utils,ReflectUtil,getAllFieldsOfClass,5,1,1,47
myexcel,com.github.liaochong.myexcel.utils,ReflectUtil,getFieldMapOfExcelColumn,36,8,1,59
myexcel,com.github.liaochong.myexcel.utils,ReflectUtil,getFieldMapOfTitleExcelColumn,30,7,1,96
myexcel,com.github.liaochong.myexcel.utils,ReflectUtil,getFieldValue,11,2,2,127
myexcel,com.github.liaochong.myexcel.utils,ReflectUtil,getAllFieldsOfClass,14,3,2,145
myexcel,com.github.liaochong.myexcel.utils,ReflectUtil,isNumber,3,1,1,160
myexcel,com.github.liaochong.myexcel.utils,ReflectUtil,isBool,3,1,1,170
myexcel,com.github.liaochong.myexcel.utils,ReflectUtil,isDate,3,1,1,174
myexcel,com.github.liaochong.myexcel.utils,ReflectUtil,sortFields,20,5,2,178
myexcel,com.github.liaochong.myexcel.utils,ReflectUtil,isFieldSelected,15,4,2,199
myexcel,com.github.liaochong.myexcel.utils,ReflectUtil,newInstance,8,1,1,215
myexcel,com.github.liaochong.myexcel.utils,RegexpUtil,removeComma,6,2,1,31
myexcel,com.github.liaochong.myexcel.utils,RegexpUtil,escapeLineFeed,6,2,1,38
myexcel,com.github.liaochong.myexcel.utils,RegexpUtil,unescapeLineFeed,6,2,1,45
myexcel,com.github.liaochong.myexcel.utils,StringUtil,isBlank,3,1,1,24
myexcel,com.github.liaochong.myexcel.utils,StringUtil,isNotBlank,3,1,1,28
myexcel,com.github.liaochong.myexcel.utils,StyleUtil,parseStyle,4,1,1,36
myexcel,com.github.liaochong.myexcel.utils,StyleUtil,parseStyle,28,7,1,41
myexcel,com.github.liaochong.myexcel.utils,StyleUtil,mixStyle,15,4,2,72
myexcel,com.github.liaochong.myexcel.utils,TdUtil,get,3,1,2,38
myexcel,com.github.liaochong.myexcel.utils,TdUtil,getSpan,13,3,1,42
myexcel,com.github.liaochong.myexcel.utils,TdUtil,isSpanValid,3,1,1,56
myexcel,com.github.liaochong.myexcel.utils,TdUtil,getStringWidth,3,1,1,60
myexcel,com.github.liaochong.myexcel.utils,TdUtil,getStringWidth,18,4,2,64
myexcel,com.github.liaochong.myexcel.utils,TdUtil,getValue,7,2,1,86
myexcel,com.github.liaochong.myexcel.utils,TempFileOperator,createTempFile,8,1,2,42
myexcel,com.github.liaochong.myexcel.utils,TempFileOperator,deleteTempFiles,8,3,1,57
myexcel,com.github.liaochong.myexcel.utils,TempFileOperator,deleteTempFile,16,4,1,71
myexcel,com.github.liaochong.myexcel.utils,TempFileOperator,convertToFile,15,2,1,92
myexcel,com.github.liaochong.myexcel.utils,WatermarkUtil,addWatermark,5,1,2,44
myexcel,com.github.liaochong.myexcel.utils,WatermarkUtil,addWatermark,32,4,2,50
myexcel,com.github.liaochong.myexcel.utils,WatermarkUtil,clear,14,3,1,90
