Project Name,Package Name,Type Name,NOF,NOPF,NOM,NOPM,LOC,WMC,NC,DIT,LCOM,FANIN,FANOUT,File path,Line no
myexcel,com.github.liaochong.example.controller,BeetlExcelBuilderExampleController,0,0,6,5,87,8,0,0,-1.0,0,1,E:\myexcel\example\src\main\java\com\github\liaochong\example\controller\BeetlExcelBuilderExampleController.java,19
myexcel,com.github.liaochong.example.controller,CsvExampleController,0,0,2,1,40,4,0,0,-1.0,0,3,E:\myexcel\example\src\main\java\com\github\liaochong\example\controller\CsvExampleController.java,33
myexcel,com.github.liaochong.example.controller,DefaultExcelBuilderExampleController,0,0,5,4,54,7,0,0,-1.0,0,3,E:\myexcel\example\src\main\java\com\github\liaochong\example\controller\DefaultExcelBuilderExampleController.java,17
myexcel,com.github.liaochong.example.controller,DefaultExcelReaderExampleController,0,0,3,3,26,3,0,0,-1.0,0,2,E:\myexcel\example\src\main\java\com\github\liaochong\example\controller\DefaultExcelReaderExampleController.java,28
myexcel,com.github.liaochong.example.controller,DefaultStreamExcelBuilderExampleController,1,0,3,2,55,8,0,0,0.6666666666666666,0,3,E:\myexcel\example\src\main\java\com\github\liaochong\example\controller\DefaultStreamExcelBuilderExampleController.java,17
myexcel,com.github.liaochong.example.controller,FreemarkerExcelBuilderExampleController,0,0,8,7,109,10,0,0,-1.0,0,1,E:\myexcel\example\src\main\java\com\github\liaochong\example\controller\FreemarkerExcelBuilderExampleController.java,21
myexcel,com.github.liaochong.example.controller,HtmlToExcelFactoryExampleController,0,0,2,2,18,2,0,0,-1.0,0,2,E:\myexcel\example\src\main\java\com\github\liaochong\example\controller\HtmlToExcelFactoryExampleController.java,14
myexcel,com.github.liaochong.example.controller,SaxExcelReaderExampleController,0,0,2,2,24,2,0,0,-1.0,0,2,E:\myexcel\example\src\main\java\com\github\liaochong\example\controller\SaxExcelReaderExampleController.java,29
myexcel,com.github.liaochong.example.controller,ThymeleafExcelBuilderExampleController,0,0,1,1,12,1,0,0,-1.0,0,1,E:\myexcel\example\src\main\java\com\github\liaochong\example\controller\ThymeleafExcelBuilderExampleController.java,28
myexcel,com.github.liaochong.example.controller,VelocityExcelBuilderExampleController,0,0,8,7,109,10,0,0,-1.0,0,1,E:\myexcel\example\src\main\java\com\github\liaochong\example\controller\VelocityExcelBuilderExampleController.java,20
myexcel,com.github.liaochong.example,ExampleApplication,0,0,1,1,5,1,0,0,-1.0,1,1,E:\myexcel\example\src\main\java\com\github\liaochong\example\ExampleApplication.java,6
myexcel,com.github.liaochong.example,ExampleApplicationTests,0,0,1,1,4,1,0,0,-1.0,0,0,E:\myexcel\example\src\test\java\com\github\liaochong\example\ExampleApplicationTests.java,8
myexcel,com.github.liaochong.example.pojo,ArtCrowd,4,0,8,8,34,8,0,0,0.5,5,0,E:\myexcel\example\src\main\java\com\github\liaochong\example\pojo\ArtCrowd.java,9
myexcel,com.github.liaochong.example.pojo,People,3,0,6,6,27,6,0,0,0.5,0,0,E:\myexcel\example\src\main\java\com\github\liaochong\example\pojo\People.java,5
myexcel,com.github.liaochong.example.pojo,Product,3,0,6,6,27,6,0,0,0.5,0,0,E:\myexcel\example\src\main\java\com\github\liaochong\example\pojo\Product.java,3
myexcel,com.github.liaochong.myexcel.core,AbstractExcelBuilder,2,0,13,12,75,15,0,0,0.15384615384615385,0,2,E:\myexcel\src\main\java\com\github\liaochong\myexcel\core\AbstractExcelBuilder.java,29
myexcel,com.github.liaochong.myexcel.core,AbstractExcelFactory,22,0,24,6,660,115,0,0,0.2916666666666667,0,9,E:\myexcel\src\main\java\com\github\liaochong\myexcel\core\AbstractExcelFactory.java,83
myexcel,com.github.liaochong.myexcel.core,AbstractHSSFReadHandler,6,0,1,0,18,1,0,0,0.0,0,1,E:\myexcel\src\main\java\com\github\liaochong\myexcel\core\AbstractHSSFReadHandler.java,28
myexcel,com.github.liaochong.myexcel.core,AbstractReadHandler,16,0,11,1,223,41,0,0,0.0,0,7,E:\myexcel\src\main\java\com\github\liaochong\myexcel\core\AbstractReadHandler.java,40
myexcel,com.github.liaochong.myexcel.core,AbstractSimpleExcelBuilder,13,0,21,1,516,99,0,0,0.2857142857142857,0,7,E:\myexcel\src\main\java\com\github\liaochong\myexcel\core\AbstractSimpleExcelBuilder.java,62
myexcel,com.github.liaochong.myexcel.core,BeetlExcelBuilder,0,0,1,1,10,1,0,0,-1.0,0,0,E:\myexcel\src\main\java\com\github\liaochong\myexcel\core\BeetlExcelBuilder.java,20
myexcel,com.github.liaochong.myexcel.core,Cell,2,0,6,5,47,10,0,0,0.0,1,1,E:\myexcel\src\main\java\com\github\liaochong\myexcel\core\Cell.java,17
myexcel,com.github.liaochong.myexcel.core,CiConsumer,0,0,1,0,7,1,0,0,-1.0,0,0,E:\myexcel\src\main\java\com\github\liaochong\myexcel\core\CiConsumer.java,3
myexcel,com.github.liaochong.myexcel.core,CiFunction,0,0,1,0,7,1,0,0,-1.0,0,0,E:\myexcel\src\main\java\com\github\liaochong\myexcel\core\CiFunction.java,3
myexcel,com.github.liaochong.myexcel.core,ColumnSaxExcelReader,3,0,25,22,103,26,0,0,0.08,1,0,E:\myexcel\src\main\java\com\github\liaochong\myexcel\core\ColumnSaxExcelReader.java,29
myexcel,com.github.liaochong.myexcel.core,Configuration,20,20,1,1,87,1,0,0,0.0,0,1,E:\myexcel\src\main\java\com\github\liaochong\myexcel\core\Configuration.java,25
myexcel,com.github.liaochong.myexcel.core,Csv,1,0,5,4,59,10,0,0,0.4,0,1,E:\myexcel\src\main\java\com\github\liaochong\myexcel\core\Csv.java,25
myexcel,com.github.liaochong.myexcel.core,CsvBuilder,3,0,15,10,146,30,0,0,0.8,2,3,E:\myexcel\src\main\java\com\github\liaochong\myexcel\core\CsvBuilder.java,36
myexcel,com.github.liaochong.myexcel.core,CsvReadHandler,2,0,2,2,38,5,0,0,0.0,0,1,E:\myexcel\src\main\java\com\github\liaochong\myexcel\core\CsvReadHandler.java,30
myexcel,com.github.liaochong.myexcel.core,DefaultExcelBuilder,3,0,26,25,142,27,0,0,0.15384615384615385,2,1,E:\myexcel\src\main\java\com\github\liaochong\myexcel\core\DefaultExcelBuilder.java,28
myexcel,com.github.liaochong.myexcel.core,DefaultExcelReader,16,0,32,20,355,69,0,0,0.5,2,6,E:\myexcel\src\main\java\com\github\liaochong\myexcel\core\DefaultExcelReader.java,64
myexcel,com.github.liaochong.myexcel.core,DefaultStreamExcelBuilder,10,0,52,46,401,76,0,0,0.34615384615384615,3,4,E:\myexcel\src\main\java\com\github\liaochong\myexcel\core\DefaultStreamExcelBuilder.java,49
myexcel,com.github.liaochong.myexcel.core,EnjoyExcelBuilder,0,0,1,1,10,1,0,0,-1.0,0,0,E:\myexcel\src\main\java\com\github\liaochong\myexcel\core\EnjoyExcelBuilder.java,19
myexcel,com.github.liaochong.myexcel.core,ExcelBuilder,0,0,11,0,73,11,0,0,-1.0,0,0,E:\myexcel\src\main\java\com\github\liaochong\myexcel\core\ExcelBuilder.java,26
myexcel,com.github.liaochong.myexcel.core,ExcelColumnMapping,15,15,1,1,102,5,0,0,0.0,3,1,E:\myexcel\src\main\java\com\github\liaochong\myexcel\core\ExcelColumnMapping.java,24
myexcel,com.github.liaochong.myexcel.core,ExcelFactory,0,0,7,0,45,7,0,0,-1.0,0,0,E:\myexcel\src\main\java\com\github\liaochong\myexcel\core\ExcelFactory.java,22
myexcel,com.github.liaochong.myexcel.core,FreemarkerExcelBuilder,0,0,1,1,10,1,0,0,-1.0,0,0,E:\myexcel\src\main\java\com\github\liaochong\myexcel\core\FreemarkerExcelBuilder.java,20
myexcel,com.github.liaochong.myexcel.core,FreezePane,2,0,1,1,18,1,0,0,0.0,0,0,E:\myexcel\src\main\java\com\github\liaochong\myexcel\core\FreezePane.java,18
myexcel,com.github.liaochong.myexcel.core,GroovyExcelBuilder,0,0,1,1,9,1,0,0,-1.0,0,0,E:\myexcel\src\main\java\com\github\liaochong\myexcel\core\GroovyExcelBuilder.java,20
myexcel,com.github.liaochong.myexcel.core,HSSFMergeReadHandler,1,0,3,2,62,14,0,0,0.6666666666666666,0,1,E:\myexcel\src\main\java\com\github\liaochong\myexcel\core\HSSFMergeReadHandler.java,31
myexcel,com.github.liaochong.myexcel.core,HSSFMetaDataSaxReadHandler,2,0,3,3,78,19,0,0,0.0,0,0,E:\myexcel\src\main\java\com\github\liaochong\myexcel\core\HSSFMetaDataSaxReadHandler.java,36
myexcel,com.github.liaochong.myexcel.core,HSSFSaxReadHandler,17,0,4,3,199,34,0,0,0.0,0,1,E:\myexcel\src\main\java\com\github\liaochong\myexcel\core\HSSFSaxReadHandler.java,54
myexcel,com.github.liaochong.myexcel.core,HtmlToExcelFactory,2,0,11,5,196,31,0,0,0.6363636363636364,2,2,E:\myexcel\src\main\java\com\github\liaochong\myexcel\core\HtmlToExcelFactory.java,37
myexcel,com.github.liaochong.myexcel.core,HtmlToExcelStreamFactory,27,0,22,7,372,59,0,0,0.09090909090909091,1,5,E:\myexcel\src\main\java\com\github\liaochong\myexcel\core\HtmlToExcelStreamFactory.java,53
myexcel,com.github.liaochong.myexcel.core,HtmlToExcelStreamFactoryContext,8,0,0,0,27,0,0,0,-1.0,0,0,E:\myexcel\src\main\java\com\github\liaochong\myexcel\core\HtmlToExcelStreamFactory.java,432
myexcel,com.github.liaochong.myexcel.core,ListSupplier,0,0,1,0,11,1,0,0,-1.0,0,0,E:\myexcel\src\main\java\com\github\liaochong\myexcel\core\ListSupplier.java,5
myexcel,com.github.liaochong.myexcel.core,MyExcelConfiguration,0,0,1,1,9,1,0,0,-1.0,0,0,E:\myexcel\src\main\java\com\github\liaochong\myexcel\core\MyExcelConfiguration.java,19
myexcel,com.github.liaochong.myexcel.core,PromptContainer,2,2,0,0,9,0,0,0,-1.0,0,0,E:\myexcel\src\main\java\com\github\liaochong\myexcel\core\PromptContainer.java,17
myexcel,com.github.liaochong.myexcel.core,ReadContext,5,0,11,11,49,11,0,0,0.0,0,0,E:\myexcel\src\main\java\com\github\liaochong\myexcel\core\ReadContext.java,19
myexcel,com.github.liaochong.myexcel.core,ReadOnlySharedStringsTable,7,0,8,8,126,23,0,0,0.0,0,0,E:\myexcel\src\main\java\com\github\liaochong\myexcel\core\ReadOnlySharedStringsTable.java,39
myexcel,com.github.liaochong.myexcel.core,Row,1,0,3,2,17,3,0,0,0.0,1,0,E:\myexcel\src\main\java\com\github\liaochong\myexcel\core\Row.java,17
myexcel,com.github.liaochong.myexcel.core,RowContext,1,0,2,1,13,2,0,0,0.0,0,0,E:\myexcel\src\main\java\com\github\liaochong\myexcel\core\RowContext.java,17
myexcel,com.github.liaochong.myexcel.core,SaxExcelReader,23,18,51,36,380,64,0,0,0.23529411764705882,9,1,E:\myexcel\src\main\java\com\github\liaochong\myexcel\core\SaxExcelReader.java,56
myexcel,com.github.liaochong.myexcel.core,ReadConfig,18,18,1,1,38,1,0,0,0.0,0,0,E:\myexcel\src\main\java\com\github\liaochong\myexcel\core\SaxExcelReader.java,445
myexcel,com.github.liaochong.myexcel.core,SheetMetaData,3,0,7,7,32,7,0,0,0.2857142857142857,0,0,E:\myexcel\src\main\java\com\github\liaochong\myexcel\core\SheetMetaData.java,17
myexcel,com.github.liaochong.myexcel.core,SimpleStreamExcelBuilder,0,0,11,0,67,11,0,0,-1.0,0,0,E:\myexcel\src\main\java\com\github\liaochong\myexcel\core\SimpleStreamExcelBuilder.java,26
myexcel,com.github.liaochong.myexcel.core,ThymeleafExcelBuilder,0,0,1,1,10,1,0,0,-1.0,0,0,E:\myexcel\src\main\java\com\github\liaochong\myexcel\core\ThymeleafExcelBuilder.java,19
myexcel,com.github.liaochong.myexcel.core,VelocityExcelBuilder,0,0,1,1,10,1,0,0,-1.0,0,0,E:\myexcel\src\main\java\com\github\liaochong\myexcel\core\VelocityExcelBuilder.java,20
myexcel,com.github.liaochong.myexcel.core,WorkbookMetaData,2,0,4,4,21,4,0,0,0.5,0,0,E:\myexcel\src\main\java\com\github\liaochong\myexcel\core\WorkbookMetaData.java,20
myexcel,com.github.liaochong.myexcel.core,XSSFSaxReadHandler,2,0,5,5,26,5,0,0,0.8,0,2,E:\myexcel\src\main\java\com\github\liaochong\myexcel\core\XSSFSaxReadHandler.java,22
myexcel,com.github.liaochong.myexcel.core,XSSFSheetMergeXMLHandler,1,0,2,2,30,6,0,0,0.0,0,0,E:\myexcel\src\main\java\com\github\liaochong\myexcel\core\XSSFSheetMergeXMLHandler.java,28
myexcel,com.github.liaochong.myexcel.core,XSSFSheetMetaDataXMLHandler,3,0,4,4,39,9,0,0,0.0,0,0,E:\myexcel\src\main\java\com\github\liaochong\myexcel\core\XSSFSheetMetaDataXMLHandler.java,23
myexcel,com.github.liaochong.myexcel.core,XSSFSheetXMLHandler,13,0,9,4,197,41,0,0,0.3333333333333333,2,2,E:\myexcel\src\main\java\com\github\liaochong\myexcel\core\XSSFSheetXMLHandler.java,33
myexcel,com.github.liaochong.myexcel.core,SheetContentsHandler,0,0,4,0,26,4,0,0,-1.0,0,0,E:\myexcel\src\main\java\com\github\liaochong\myexcel\core\XSSFSheetXMLHandler.java,270
myexcel,com.github.liaochong.myexcel.core,BasicTest,2,2,0,0,8,0,0,0,-1.0,0,0,E:\myexcel\src\test\java\com\github\liaochong\myexcel\core\BasicTest.java,20
myexcel,com.github.liaochong.myexcel.core,BeetlExcelBuilderTest,0,0,3,2,42,5,0,0,-1.0,0,1,E:\myexcel\src\test\java\com\github\liaochong\myexcel\core\BeetlExcelBuilderTest.java,28
myexcel,com.github.liaochong.myexcel.core,ColumnSaxExcelReaderTest,0,0,1,1,12,1,0,0,-1.0,0,1,E:\myexcel\src\test\java\com\github\liaochong\myexcel\core\ColumnSaxExcelReaderTest.java,10
myexcel,com.github.liaochong.myexcel.core,CsvBuilderTest,0,0,9,0,96,18,0,0,-1.0,0,3,E:\myexcel\src\test\java\com\github\liaochong\myexcel\core\CsvBuilderTest.java,18
myexcel,com.github.liaochong.myexcel.core,DefaultExcelReaderTest,0,0,5,5,39,5,0,0,-1.0,0,3,E:\myexcel\src\test\java\com\github\liaochong\myexcel\core\DefaultExcelReaderTest.java,26
myexcel,com.github.liaochong.myexcel.core,DefaultStreamExcelBuilderTest,0,0,25,0,288,39,0,0,-1.0,0,11,E:\myexcel\src\test\java\com\github\liaochong\myexcel\core\DefaultStreamExcelBuilderTest.java,31
myexcel,com.github.liaochong.myexcel.core,EnjoyExcelBuilderTest,0,0,2,2,20,2,0,0,-1.0,0,1,E:\myexcel\src\test\java\com\github\liaochong\myexcel\core\EnjoyExcelBuilderTest.java,25
myexcel,com.github.liaochong.myexcel.core,FreemarkerExcelBuilderTest,0,0,4,3,56,6,0,0,-1.0,0,1,E:\myexcel\src\test\java\com\github\liaochong\myexcel\core\FreemarkerExcelBuilderTest.java,30
myexcel,com.github.liaochong.myexcel.core,SaxExcelReaderTest,0,0,23,0,200,23,0,0,-1.0,0,5,E:\myexcel\src\test\java\com\github\liaochong\myexcel\core\SaxExcelReaderTest.java,16
myexcel,com.github.liaochong.myexcel.core,TestCustomWriteConverter,0,0,1,1,9,1,0,1,-1.0,0,0,E:\myexcel\src\test\java\com\github\liaochong\myexcel\core\TestCustomWriteConverter.java,20
myexcel,com.github.liaochong.myexcel.core,ThymeleafExcelBuilderTest,0,0,2,2,16,2,0,0,-1.0,0,1,E:\myexcel\src\test\java\com\github\liaochong\myexcel\core\ThymeleafExcelBuilderTest.java,24
myexcel,com.github.liaochong.myexcel.core.cache,Cache,0,0,3,0,10,3,1,0,-1.0,2,0,E:\myexcel\src\main\java\com\github\liaochong\myexcel\core\cache\Cache.java,18
myexcel,com.github.liaochong.myexcel.core.cache,StringsCache,9,0,8,5,126,17,0,0,0.25,0,2,E:\myexcel\src\main\java\com\github\liaochong\myexcel\core\cache\StringsCache.java,38
myexcel,com.github.liaochong.myexcel.core.cache,WeakCache,1,0,5,5,22,5,0,1,0.0,0,0,E:\myexcel\src\main\java\com\github\liaochong\myexcel\core\cache\WeakCache.java,20
myexcel,com.github.liaochong.myexcel.core.constant,AllConverter,0,0,0,0,6,0,0,0,-1.0,1,0,E:\myexcel\src\main\java\com\github\liaochong\myexcel\core\constant\AllConverter.java,17
myexcel,com.github.liaochong.myexcel.core.constant,BooleanDropDownList,0,0,0,0,6,0,0,0,-1.0,1,0,E:\myexcel\src\main\java\com\github\liaochong\myexcel\core\constant\BooleanDropDownList.java,17
myexcel,com.github.liaochong.myexcel.core.constant,Constants,17,17,0,0,24,0,0,0,-1.0,18,1,E:\myexcel\src\main\java\com\github\liaochong\myexcel\core\constant\Constants.java,21
myexcel,com.github.liaochong.myexcel.core.constant,CsvConverter,0,0,0,0,6,0,0,0,-1.0,0,0,E:\myexcel\src\main\java\com\github\liaochong\myexcel\core\constant\CsvConverter.java,3
myexcel,com.github.liaochong.myexcel.core.constant,DropDownList,0,0,0,0,7,0,0,0,-1.0,1,0,E:\myexcel\src\main\java\com\github\liaochong\myexcel\core\constant\DropDownList.java,17
myexcel,com.github.liaochong.myexcel.core.constant,File,0,0,0,0,6,0,1,0,-1.0,1,0,E:\myexcel\src\main\java\com\github\liaochong\myexcel\core\constant\File.java,3
myexcel,com.github.liaochong.myexcel.core.constant,ImageFile,0,0,0,0,6,0,0,1,-1.0,1,0,E:\myexcel\src\main\java\com\github\liaochong\myexcel\core\constant\ImageFile.java,3
myexcel,com.github.liaochong.myexcel.core.constant,LinkEmail,0,0,0,0,7,0,0,0,-1.0,1,0,E:\myexcel\src\main\java\com\github\liaochong\myexcel\core\constant\LinkEmail.java,17
myexcel,com.github.liaochong.myexcel.core.constant,LinkUrl,0,0,0,0,7,0,0,0,-1.0,1,0,E:\myexcel\src\main\java\com\github\liaochong\myexcel\core\constant\LinkUrl.java,17
myexcel,com.github.liaochong.myexcel.core.constant,NumberDropDownList,0,0,0,0,6,0,0,0,-1.0,1,0,E:\myexcel\src\main\java\com\github\liaochong\myexcel\core\constant\NumberDropDownList.java,17
myexcel,com.github.liaochong.myexcel.core.container,Pair,3,0,9,7,72,16,0,0,0.2222222222222222,15,1,E:\myexcel\src\main\java\com\github\liaochong\myexcel\core\container\Pair.java,17
myexcel,com.github.liaochong.myexcel.core.converter,ConvertContext,4,4,1,1,23,1,0,0,0.0,0,0,E:\myexcel\src\main\java\com\github\liaochong\myexcel\core\converter\ConvertContext.java,26
myexcel,com.github.liaochong.myexcel.core.converter,CustomWriteContext,1,0,2,2,13,2,0,0,0.0,0,0,E:\myexcel\src\main\java\com\github\liaochong\myexcel\core\converter\CustomWriteContext.java,19
myexcel,com.github.liaochong.myexcel.core.converter,CustomWriteConverter,0,0,1,0,14,1,2,0,-1.0,0,0,E:\myexcel\src\main\java\com\github\liaochong\myexcel\core\converter\CustomWriteConverter.java,3
myexcel,com.github.liaochong.myexcel.core.converter,DefaultCustomWriteConverter,0,0,1,1,9,1,0,1,-1.0,0,0,E:\myexcel\src\main\java\com\github\liaochong\myexcel\core\converter\DefaultCustomWriteConverter.java,17
myexcel,com.github.liaochong.myexcel.core.converter,ReadConverter,0,0,1,0,15,1,0,0,-1.0,0,0,E:\myexcel\src\main\java\com\github\liaochong\myexcel\core\converter\ReadConverter.java,19
myexcel,com.github.liaochong.myexcel.core.converter,ReadConverterContext,4,0,2,2,87,8,0,0,0.0,2,1,E:\myexcel\src\main\java\com\github\liaochong\myexcel\core\converter\ReadConverterContext.java,47
myexcel,com.github.liaochong.myexcel.core.converter,WriteConverter,0,0,2,0,24,2,0,0,-1.0,0,0,E:\myexcel\src\main\java\com\github\liaochong\myexcel\core\converter\WriteConverter.java,22
myexcel,com.github.liaochong.myexcel.core.converter,WriteConverterContext,4,0,3,3,51,7,0,0,0.6666666666666666,2,4,E:\myexcel\src\main\java\com\github\liaochong\myexcel\core\converter\WriteConverterContext.java,42
myexcel,com.github.liaochong.myexcel.core.converter.reader,AbstractReadConverter,5,0,8,1,113,16,0,0,1.0,0,2,E:\myexcel\src\main\java\com\github\liaochong\myexcel\core\converter\reader\AbstractReadConverter.java,35
myexcel,com.github.liaochong.myexcel.core.converter.reader,BigDecimalReadConverter,0,0,1,1,11,1,0,0,-1.0,0,1,E:\myexcel\src\main\java\com\github\liaochong\myexcel\core\converter\reader\BigDecimalReadConverter.java,23
myexcel,com.github.liaochong.myexcel.core.converter.reader,BoolReadConverter,0,0,1,1,16,3,0,0,-1.0,0,1,E:\myexcel\src\main\java\com\github\liaochong\myexcel\core\converter\reader\BoolReadConverter.java,23
myexcel,com.github.liaochong.myexcel.core.converter.reader,DateReadConverter,0,0,1,1,25,3,0,0,-1.0,0,0,E:\myexcel\src\main\java\com\github\liaochong\myexcel\core\converter\reader\DateReadConverter.java,24
myexcel,com.github.liaochong.myexcel.core.converter.reader,LocalDateReadConverter,0,0,1,1,21,3,0,0,-1.0,0,0,E:\myexcel\src\main\java\com\github\liaochong\myexcel\core\converter\reader\LocalDateReadConverter.java,26
myexcel,com.github.liaochong.myexcel.core.converter.reader,LocalDateTimeReadConverter,0,0,1,1,19,3,0,0,-1.0,0,0,E:\myexcel\src\main\java\com\github\liaochong\myexcel\core\converter\reader\LocalDateTimeReadConverter.java,25
myexcel,com.github.liaochong.myexcel.core.converter.reader,LocalTimeReadConverter,0,0,1,0,11,1,0,0,-1.0,0,0,E:\myexcel\src\main\java\com\github\liaochong\myexcel\core\converter\reader\LocalTimeReadConverter.java,23
myexcel,com.github.liaochong.myexcel.core.converter.reader,NumberReadConverter,2,0,4,2,47,5,0,0,0.0,0,1,E:\myexcel\src\main\java\com\github\liaochong\myexcel\core\converter\reader\NumberReadConverter.java,26
myexcel,com.github.liaochong.myexcel.core.converter.reader,StringReadConverter,0,0,1,1,10,1,0,0,-1.0,0,0,E:\myexcel\src\main\java\com\github\liaochong\myexcel\core\converter\reader\StringReadConverter.java,22
myexcel,com.github.liaochong.myexcel.core.converter.reader,TimestampReadConverter,0,0,1,0,21,2,0,0,-1.0,0,0,E:\myexcel\src\main\java\com\github\liaochong\myexcel\core\converter\reader\TimestampReadConverter.java,24
myexcel,com.github.liaochong.myexcel.core.converter.writer,BigDecimalWriteConverter,0,0,2,2,30,6,0,0,-1.0,0,1,E:\myexcel\src\main\java\com\github\liaochong\myexcel\core\converter\writer\BigDecimalWriteConverter.java,27
myexcel,com.github.liaochong.myexcel.core.converter.writer,CustomWriteConverter,1,0,2,2,35,4,0,0,1.0,0,2,E:\myexcel\src\main\java\com\github\liaochong\myexcel\core\converter\writer\CustomWriteConverter.java,28
myexcel,com.github.liaochong.myexcel.core.converter.writer,DateTimeWriteConverter,2,0,5,2,63,12,0,0,1.0,0,2,E:\myexcel\src\main\java\com\github\liaochong\myexcel\core\converter\writer\DateTimeWriteConverter.java,33
myexcel,com.github.liaochong.myexcel.core.converter.writer,DropDownListWriteConverter,0,0,2,2,46,10,0,0,-1.0,0,5,E:\myexcel\src\main\java\com\github\liaochong\myexcel\core\converter\writer\DropDownListWriteConverter.java,34
myexcel,com.github.liaochong.myexcel.core.converter.writer,ImageWriteConverter,0,0,2,2,17,3,0,0,-1.0,0,2,E:\myexcel\src\main\java\com\github\liaochong\myexcel\core\converter\writer\ImageWriteConverter.java,27
myexcel,com.github.liaochong.myexcel.core.converter.writer,LinkWriteConverter,0,0,2,2,23,4,0,0,-1.0,0,3,E:\myexcel\src\main\java\com\github\liaochong\myexcel\core\converter\writer\LinkWriteConverter.java,27
myexcel,com.github.liaochong.myexcel.core.converter.writer,LocalTimeWriteConverter,0,0,2,2,15,2,0,0,-1.0,0,1,E:\myexcel\src\main\java\com\github\liaochong\myexcel\core\converter\writer\LocalTimeWriteConverter.java,24
myexcel,com.github.liaochong.myexcel.core.converter.writer,MappingWriteConverter,1,0,2,2,27,4,0,0,1.0,0,2,E:\myexcel\src\main\java\com\github\liaochong\myexcel\core\converter\writer\MappingWriteConverter.java,27
myexcel,com.github.liaochong.myexcel.core.converter.writer,MultiWriteConverter,1,1,3,3,28,5,0,0,0.6666666666666666,0,3,E:\myexcel\src\main\java\com\github\liaochong\myexcel\core\converter\writer\MultiWriteConverter.java,28
myexcel,com.github.liaochong.myexcel.core.converter.writer,OriginalWriteConverter,0,0,2,2,13,2,0,0,-1.0,0,1,E:\myexcel\src\main\java\com\github\liaochong\myexcel\core\converter\writer\OriginalWriteConverter.java,23
myexcel,com.github.liaochong.myexcel.core.converter.writer,StringWriteConverter,0,0,2,2,13,2,0,0,-1.0,0,1,E:\myexcel\src\main\java\com\github\liaochong\myexcel\core\converter\writer\StringWriteConverter.java,10
myexcel,com.github.liaochong.myexcel.core.parser,Comment,2,2,0,0,9,0,0,0,-1.0,0,0,E:\myexcel\src\main\java\com\github\liaochong\myexcel\core\parser\Comment.java,17
myexcel,com.github.liaochong.myexcel.core.parser,Font,3,3,0,0,19,0,0,0,-1.0,0,0,E:\myexcel\src\main\java\com\github\liaochong\myexcel\core\parser\Font.java,20
myexcel,com.github.liaochong.myexcel.core.parser,HtmlTableParser,8,0,11,3,348,52,0,0,0.6363636363636364,3,6,E:\myexcel\src\main\java\com\github\liaochong\myexcel\core\parser\HtmlTableParser.java,46
myexcel,com.github.liaochong.myexcel.core.parser,ParseConfig,2,0,5,5,25,5,0,0,0.0,0,0,E:\myexcel\src\main\java\com\github\liaochong\myexcel\core\parser\ParseConfig.java,19
myexcel,com.github.liaochong.myexcel.core.parser,Slant,3,3,2,2,26,2,0,0,1.0,0,0,E:\myexcel\src\main\java\com\github\liaochong\myexcel\core\parser\Slant.java,17
myexcel,com.github.liaochong.myexcel.core.parser,StyleParser,10,0,12,8,191,33,0,0,0.25,0,5,E:\myexcel\src\main\java\com\github\liaochong\myexcel\core\parser\StyleParser.java,29
myexcel,com.github.liaochong.myexcel.core.parser,Table,2,2,0,0,8,0,0,0,-1.0,0,0,E:\myexcel\src\main\java\com\github\liaochong\myexcel\core\parser\Table.java,20
myexcel,com.github.liaochong.myexcel.core.parser,Td,19,19,5,5,92,7,0,0,0.0,0,1,E:\myexcel\src\main\java\com\github\liaochong\myexcel\core\parser\Td.java,29
myexcel,com.github.liaochong.myexcel.core.parser,Tr,6,6,2,2,39,2,0,0,0.0,0,0,E:\myexcel\src\main\java\com\github\liaochong\myexcel\core\parser\Tr.java,22
myexcel,com.github.liaochong.myexcel.core.reflect,ClassFieldContainer,4,0,13,9,80,20,0,0,0.15384615384615385,1,1,E:\myexcel\src\main\java\com\github\liaochong\myexcel\core\reflect\ClassFieldContainer.java,27
myexcel,com.github.liaochong.myexcel.core.style,BackgroundStyle,2,1,2,1,34,6,0,0,1.0,1,1,E:\myexcel\src\main\java\com\github\liaochong\myexcel\core\style\BackgroundStyle.java,28
myexcel,com.github.liaochong.myexcel.core.style,BorderStyle,7,5,1,1,67,11,0,0,0.0,4,0,E:\myexcel\src\main\java\com\github\liaochong\myexcel\core\style\BorderStyle.java,29
myexcel,com.github.liaochong.myexcel.core.style,CustomColor,4,0,7,7,34,8,0,0,0.5714285714285714,0,0,E:\myexcel\src\main\java\com\github\liaochong\myexcel\core\style\CustomColor.java,22
myexcel,com.github.liaochong.myexcel.core.style,DefaultCellStyle,0,0,1,0,12,1,0,0,-1.0,0,0,E:\myexcel\src\main\java\com\github\liaochong\myexcel\core\style\DefaultCellStyle.java,21
myexcel,com.github.liaochong.myexcel.core.style,FontStyle,11,11,6,2,108,20,0,0,0.8333333333333334,3,3,E:\myexcel\src\main\java\com\github\liaochong\myexcel\core\style\FontStyle.java,30
myexcel,com.github.liaochong.myexcel.core.style,LinkDefaultCellStyle,0,0,1,1,20,1,0,0,-1.0,0,1,E:\myexcel\src\main\java\com\github\liaochong\myexcel\core\style\LinkDefaultCellStyle.java,25
myexcel,com.github.liaochong.myexcel.core.style,TdDefaultCellStyle,0,0,1,1,16,1,0,0,-1.0,0,1,E:\myexcel\src\main\java\com\github\liaochong\myexcel\core\style\TdDefaultCellStyle.java,24
myexcel,com.github.liaochong.myexcel.core.style,TextAlignStyle,5,3,1,1,26,3,0,0,0.0,1,0,E:\myexcel\src\main\java\com\github\liaochong\myexcel\core\style\TextAlignStyle.java,26
myexcel,com.github.liaochong.myexcel.core.style,ThDefaultCellStyle,0,0,1,1,19,1,0,0,-1.0,0,1,E:\myexcel\src\main\java\com\github\liaochong\myexcel\core\style\ThDefaultCellStyle.java,25
myexcel,com.github.liaochong.myexcel.core.style,WordBreakStyle,2,2,1,1,15,2,0,0,0.0,1,0,E:\myexcel\src\main\java\com\github\liaochong\myexcel\core\style\WordBreakStyle.java,22
myexcel,com.github.liaochong.myexcel.core.templatehandler,AbstractTemplateHandler,2,0,7,4,49,7,0,0,1.0,0,2,E:\myexcel\src\main\java\com\github\liaochong\myexcel\core\templatehandler\AbstractTemplateHandler.java,28
myexcel,com.github.liaochong.myexcel.core.templatehandler,BeetlTemplateHandler,1,0,3,0,41,5,0,0,0.6666666666666666,0,0,E:\myexcel\src\main\java\com\github\liaochong\myexcel\core\templatehandler\BeetlTemplateHandler.java,34
myexcel,com.github.liaochong.myexcel.core.templatehandler,EnjoyTemplateHandler,1,0,3,0,33,5,0,0,0.6666666666666666,0,0,E:\myexcel\src\main\java\com\github\liaochong\myexcel\core\templatehandler\EnjoyTemplateHandler.java,26
myexcel,com.github.liaochong.myexcel.core.templatehandler,FreemarkerTemplateHandler,1,0,5,1,61,13,0,0,0.8,1,1,E:\myexcel\src\main\java\com\github\liaochong\myexcel\core\templatehandler\FreemarkerTemplateHandler.java,41
myexcel,com.github.liaochong.myexcel.core.templatehandler,GroovyTemplateHandler,1,0,5,2,35,6,0,0,1.0,0,1,E:\myexcel\src\main\java\com\github\liaochong\myexcel\core\templatehandler\GroovyTemplateHandler.java,32
myexcel,com.github.liaochong.myexcel.core.templatehandler,TemplateHandler,0,0,4,0,27,4,0,0,-1.0,0,0,E:\myexcel\src\main\java\com\github\liaochong\myexcel\core\templatehandler\TemplateHandler.java,9
myexcel,com.github.liaochong.myexcel.core.templatehandler,ThymeleafTemplateHandler,2,0,5,2,63,11,0,0,0.4,0,2,E:\myexcel\src\main\java\com\github\liaochong\myexcel\core\templatehandler\ThymeleafTemplateHandler.java,31
myexcel,com.github.liaochong.myexcel.core.templatehandler,VelocityTemplateHandler,0,0,5,2,30,5,0,0,-1.0,0,0,E:\myexcel\src\main\java\com\github\liaochong\myexcel\core\templatehandler\VelocityTemplateHandler.java,27
myexcel,com.github.liaochong.myexcel.core.watermark,FontImage,0,0,1,1,29,1,0,0,-1.0,1,0,E:\myexcel\src\main\java\com\github\liaochong\myexcel\core\watermark\FontImage.java,22
myexcel,com.github.liaochong.myexcel.core.watermark,Watermark,5,0,10,10,57,10,0,0,0.5,0,0,E:\myexcel\src\main\java\com\github\liaochong\myexcel\core\watermark\Watermark.java,19
myexcel,com.github.liaochong.myexcel.exception,CsvBuildException,0,0,2,2,12,2,0,0,-1.0,0,0,E:\myexcel\src\main\java\com\github\liaochong\myexcel\exception\CsvBuildException.java,17
myexcel,com.github.liaochong.myexcel.exception,ExcelBuildException,0,0,3,3,15,3,0,0,-1.0,5,1,E:\myexcel\src\main\java\com\github\liaochong\myexcel\exception\ExcelBuildException.java,18
myexcel,com.github.liaochong.myexcel.exception,ExcelReadException,0,0,2,2,12,2,0,0,-1.0,0,0,E:\myexcel\src\main\java\com\github\liaochong\myexcel\exception\ExcelReadException.java,17
myexcel,com.github.liaochong.myexcel.exception,SaxReadException,0,0,1,1,10,1,0,0,-1.0,0,0,E:\myexcel\src\main\java\com\github\liaochong\myexcel\exception\SaxReadException.java,17
myexcel,com.github.liaochong.myexcel.exception,StopReadException,0,0,0,0,7,0,0,0,-1.0,0,0,E:\myexcel\src\main\java\com\github\liaochong\myexcel\exception\StopReadException.java,17
myexcel,com.github.liaochong.myexcel.utils,AttachmentExportUtil,0,0,5,3,111,11,0,0,-1.0,8,2,E:\myexcel\src\main\java\com\github\liaochong\myexcel\utils\AttachmentExportUtil.java,40
myexcel,com.github.liaochong.myexcel.utils,ColorUtil,3,0,3,3,53,7,0,0,1.0,3,0,E:\myexcel\src\main\java\com\github\liaochong\myexcel\utils\ColorUtil.java,27
myexcel,com.github.liaochong.myexcel.utils,ConfigurationUtil,0,0,1,1,85,22,0,0,-1.0,3,0,E:\myexcel\src\main\java\com\github\liaochong\myexcel\utils\ConfigurationUtil.java,25
myexcel,com.github.liaochong.myexcel.utils,FileExportUtil,0,0,3,3,101,12,0,0,-1.0,6,2,E:\myexcel\src\main\java\com\github\liaochong\myexcel\utils\FileExportUtil.java,38
myexcel,com.github.liaochong.myexcel.utils,PropertyUtil,3,0,3,2,42,8,0,0,0.6666666666666666,2,1,E:\myexcel\src\main\java\com\github\liaochong\myexcel\utils\PropertyUtil.java,23
myexcel,com.github.liaochong.myexcel.utils,ReflectUtil,2,0,11,10,167,34,0,0,1.0,10,1,E:\myexcel\src\main\java\com\github\liaochong\myexcel\utils\ReflectUtil.java,37
myexcel,com.github.liaochong.myexcel.utils,RegexpUtil,3,0,3,3,27,6,0,0,1.0,4,0,E:\myexcel\src\main\java\com\github\liaochong\myexcel\utils\RegexpUtil.java,19
myexcel,com.github.liaochong.myexcel.utils,StringUtil,0,0,2,2,12,2,0,0,-1.0,10,0,E:\myexcel\src\main\java\com\github\liaochong\myexcel\utils\StringUtil.java,18
myexcel,com.github.liaochong.myexcel.utils,StyleUtil,1,0,3,3,61,12,0,0,1.0,3,2,E:\myexcel\src\main\java\com\github\liaochong\myexcel\utils\StyleUtil.java,26
myexcel,com.github.liaochong.myexcel.utils,TdUtil,4,0,6,6,57,12,0,0,0.6666666666666666,8,2,E:\myexcel\src\main\java\com\github\liaochong\myexcel\utils\TdUtil.java,24
myexcel,com.github.liaochong.myexcel.utils,TempFileOperator,1,0,4,4,69,10,0,0,1.0,10,3,E:\myexcel\src\main\java\com\github\liaochong\myexcel\utils\TempFileOperator.java,32
myexcel,com.github.liaochong.myexcel.utils,WatermarkUtil,0,0,3,2,63,8,0,0,-1.0,0,1,E:\myexcel\src\main\java\com\github\liaochong\myexcel\utils\WatermarkUtil.java,36
myexcel,com.github.liaochong.myexcel.core.pojo,CommonPeople,3,0,0,0,9,0,0,0,-1.0,3,0,E:\myexcel\src\test\java\com\github\liaochong\myexcel\core\pojo\CommonPeople.java,26
myexcel,com.github.liaochong.myexcel.core.pojo,CsvPeople,5,0,0,0,11,0,0,0,-1.0,2,0,E:\myexcel\src\test\java\com\github\liaochong\myexcel\core\pojo\CsvPeople.java,26
myexcel,com.github.liaochong.myexcel.core.pojo,CustomStylePeople,4,0,0,0,10,0,0,0,-1.0,1,0,E:\myexcel\src\test\java\com\github\liaochong\myexcel\core\pojo\CustomStylePeople.java,25
myexcel,com.github.liaochong.myexcel.core.pojo,ExceptionPeople,2,0,0,0,8,0,0,0,-1.0,1,0,E:\myexcel\src\test\java\com\github\liaochong\myexcel\core\pojo\ExceptionPeople.java,22
myexcel,com.github.liaochong.myexcel.core.pojo,Formula,2,0,0,0,8,0,0,0,-1.0,1,0,E:\myexcel\src\test\java\com\github\liaochong\myexcel\core\pojo\Formula.java,20
myexcel,com.github.liaochong.myexcel.core.pojo,MultiPeople,3,0,0,0,9,0,0,0,-1.0,2,0,E:\myexcel\src\test\java\com\github\liaochong\myexcel\core\pojo\MultiPeople.java,25
myexcel,com.github.liaochong.myexcel.core.pojo,OddEvenStylePeople,4,0,0,0,10,0,0,0,-1.0,1,0,E:\myexcel\src\test\java\com\github\liaochong\myexcel\core\pojo\OddEvenStylePeople.java,25
myexcel,com.github.liaochong.myexcel.core.pojo,Person,8,0,0,0,14,0,0,0,-1.0,0,0,E:\myexcel\src\test\java\com\github\liaochong\myexcel\core\pojo\Person.java,27
myexcel,com.github.liaochong.myexcel.core.pojo,PersonWithName,3,0,0,0,9,0,0,0,-1.0,0,0,E:\myexcel\src\test\java\com\github\liaochong\myexcel\core\pojo\PersonWithName.java,23
myexcel,com.github.liaochong.myexcel.core.pojo,Picture,1,0,0,0,7,0,0,0,-1.0,1,0,E:\myexcel\src\test\java\com\github\liaochong\myexcel\core\pojo\Picture.java,22
myexcel,com.github.liaochong.myexcel.core.pojo,Product,3,0,0,0,9,0,0,0,-1.0,0,0,E:\myexcel\src\test\java\com\github\liaochong\myexcel\core\pojo\Product.java,21
myexcel,com.github.liaochong.myexcel.core.pojo,TitlePeople,5,0,0,0,11,0,0,0,-1.0,1,0,E:\myexcel\src\test\java\com\github\liaochong\myexcel\core\pojo\TitlePeople.java,26
myexcel,com.github.liaochong.myexcel.core.pojo,WidthPeople,4,0,0,0,10,0,0,0,-1.0,1,0,E:\myexcel\src\test\java\com\github\liaochong\myexcel\core\pojo\WidthPeople.java,25
